经度,纬度,海拔
104.461196899414,29.530401229858,654.28
104.461112976074,29.530447006226,655.62
104.461021423340,29.530492782593,656.41
104.460929870605,29.530538558960,656.29
104.460845947266,29.530584335327,656.16
104.460754394531,29.530632019043,656.04
104.460662841797,29.530677795410,654.76
104.460578918457,29.530723571777,653.47
104.460487365723,29.530769348145,652.19
104.460403442383,29.530815124512,650.90
104.460311889648,29.530860900879,649.61
104.460220336914,29.530906677246,648.39
104.460136413574,29.530952453613,647.34
104.460044860840,29.530998229980,646.29
104.459953308105,29.531045913696,645.11
104.459869384766,29.531091690063,642.36
104.459800720215,29.531126022339,640.22
104.459785461426,29.531143188477,639.95
104.459732055664,29.531217575073,638.76
104.459671020508,29.531291961670,637.54
104.459617614746,29.531368255615,636.29
104.459556579590,29.531442642212,635.04
104.459503173828,29.531517028809,633.79
104.459442138672,29.531591415405,632.54
104.459381103516,29.531665802002,631.30
104.459327697754,29.531740188599,630.05
104.459266662598,29.531816482544,628.80
104.459213256836,29.531890869141,628.04
104.459152221680,29.531965255737,627.32
104.459114074707,29.532022476196,626.78
104.459091186523,29.532030105591,626.15
104.458992004395,29.532066345215,623.54
104.458900451660,29.532102584839,620.93
104.458808898926,29.532138824463,618.33
104.458709716797,29.532175064087,615.57
104.458618164062,29.532211303711,610.47
104.458518981934,29.532247543335,605.38
104.458427429199,29.532283782959,601.56
104.458335876465,29.532320022583,598.34
104.458236694336,29.532356262207,595.12
104.458145141602,29.532392501831,591.91
104.458045959473,29.532428741455,588.69
104.457954406738,29.532464981079,586.85
104.457862854004,29.532501220703,586.11
104.457763671875,29.532537460327,585.37
104.457672119141,29.532573699951,584.63
104.457580566406,29.532609939575,583.88
104.457481384277,29.532646179199,583.14
104.457389831543,29.532682418823,582.40
104.457290649414,29.532718658447,582.89
104.457199096680,29.532754898071,586.42
104.457107543945,29.532791137695,589.94
104.457008361816,29.532827377319,593.47
104.456916809082,29.532863616943,596.99
104.456825256348,29.532899856567,598.56
104.456726074219,29.532936096191,599.23
104.456634521484,29.532972335815,599.96
104.456535339355,29.533008575439,603.38
104.456443786621,29.533044815063,606.80
104.456352233887,29.533081054688,610.55
104.456253051758,29.533117294312,614.73
104.456161499023,29.533153533936,618.92
104.456062316895,29.533189773560,623.10
104.456016540527,29.533208847046,625.32
104.456008911133,29.533166885376,626.50
104.455986022949,29.533079147339,629.01
104.455970764160,29.532991409302,631.53
104.455947875977,29.532901763916,634.04
104.455932617188,29.532814025879,636.05
104.455909729004,29.532726287842,638.01
104.455894470215,29.532636642456,639.97
104.455871582031,29.532548904419,639.29
104.455856323242,29.532461166382,638.19
104.455833435059,29.532373428345,637.14
104.455818176270,29.532283782959,636.12
104.455795288086,29.532196044922,635.11
104.455780029297,29.532108306885,634.09
104.455757141113,29.532018661499,633.07
104.455741882324,29.531930923462,632.06
104.455718994141,29.531843185425,631.04
104.455703735352,29.531755447388,630.02
104.455680847168,29.531665802002,629.01
104.455673217773,29.531621932983,628.50
104.455665588379,29.531578063965,627.99
104.455642700195,29.531490325928,626.97
104.455627441406,29.531400680542,625.96
104.455604553223,29.531312942505,624.94
104.455589294434,29.531225204468,623.79
104.455566406250,29.531137466431,622.33
104.455551147461,29.531047821045,622.03
104.455528259277,29.530960083008,622.56
104.455513000488,29.530872344971,623.09
104.455490112305,29.530782699585,623.62
104.455474853516,29.530694961548,624.14
104.455451965332,29.530607223511,624.67
104.455436706543,29.530519485474,625.20
104.455413818359,29.530429840088,625.72
104.455398559570,29.530342102051,626.25
104.455375671387,29.530254364014,626.78
104.455360412598,29.530164718628,627.31
104.455337524414,29.530076980591,627.74
104.455322265625,29.529989242554,628.12
104.455299377441,29.529901504517,628.51
104.455284118652,29.529811859131,628.89
104.455261230469,29.529724121094,629.27
104.455245971680,29.529636383057,629.66
104.455223083496,29.529546737671,629.93
104.455207824707,29.529458999634,627.58
104.455184936523,29.529371261597,625.23
104.455169677734,29.529283523560,622.88
104.455146789551,29.529193878174,620.53
104.455131530762,29.529106140137,618.18
104.455108642578,29.529018402100,615.83
104.455093383789,29.528928756714,613.47
104.455070495605,29.528841018677,612.20
104.455055236816,29.528753280640,611.39
104.455032348633,29.528665542603,610.57
104.455017089844,29.528575897217,609.76
104.454994201660,29.528488159180,608.92
104.454986572266,29.528429031372,608.26
104.454956054688,29.528408050537,608.22
104.454879760742,29.528348922729,608.08
104.454803466797,29.528289794922,607.93
104.454727172852,29.528230667114,607.79
104.454650878906,29.528169631958,607.65
104.454574584961,29.528110504150,607.50
104.454498291016,29.528051376343,607.36
104.454421997070,29.527990341187,607.22
104.454338073730,29.527931213379,607.08
104.454261779785,29.527872085571,606.93
104.454185485840,29.527811050415,605.92
104.454109191895,29.527751922607,603.77
104.454032897949,29.527692794800,601.61
104.453956604004,29.527633666992,599.46
104.453880310059,29.527572631836,597.31
104.453804016113,29.527513504028,595.16
104.453727722168,29.527454376221,593.00
104.453643798828,29.527393341064,590.77
104.453567504883,29.527334213257,588.47
104.453491210938,29.527275085449,586.17
104.453414916992,29.527214050293,583.86
104.453338623047,29.527154922485,581.56
104.453262329102,29.527095794678,579.26
104.453186035156,29.527036666870,576.96
104.453109741211,29.526975631714,574.66
104.453033447266,29.526916503906,572.35
104.452949523926,29.526857376099,570.82
104.452873229980,29.526796340942,570.52
104.452796936035,29.526737213135,571.32
104.452720642090,29.526678085327,572.40
104.452644348145,29.526617050171,573.49
104.452568054199,29.526557922363,574.58
104.452491760254,29.526498794556,576.09
104.452415466309,29.526439666748,579.44
104.452339172363,29.526378631592,583.50
104.452255249023,29.526319503784,587.56
104.452178955078,29.526260375977,591.61
104.452102661133,29.526199340820,595.67
104.452026367188,29.526140213013,599.73
104.451950073242,29.526081085205,603.79
104.451889038086,29.526031494141,607.07
104.451881408691,29.526016235352,607.53
104.451850891113,29.525930404663,609.98
104.451812744141,29.525846481323,612.43
104.451782226562,29.525760650635,614.58
104.451751708984,29.525674819946,615.63
104.451721191406,29.525588989258,617.34
104.451683044434,29.525505065918,619.05
104.451652526855,29.525419235229,620.75
104.451622009277,29.525333404541,622.46
104.451583862305,29.525249481201,624.17
104.451553344727,29.525163650513,625.87
104.451522827148,29.525077819824,627.58
104.451492309570,29.524993896484,628.17
104.451454162598,29.524908065796,
104.451423645020,29.524822235107,
104.451393127441,29.524738311768,
104.451362609863,29.524652481079,
104.451324462891,29.524566650391,
104.451293945312,29.524482727051,
104.451263427734,29.524396896362,
104.451225280762,29.524311065674,
104.451194763184,29.524227142334,
104.451164245605,29.524141311646,
104.451133728027,29.524055480957,
104.451095581055,29.523971557617,
104.451065063477,29.523885726929,
104.451034545898,29.523799896240,
104.450996398926,29.523715972900,
104.450965881348,29.523630142212,
104.450935363770,29.523544311523,
104.450904846191,29.523460388184,
104.450866699219,29.523374557495,
104.450859069824,29.523342132568,
104.450828552246,29.523290634155,
104.450782775879,29.523210525513,
104.450744628906,29.523128509521,
104.450698852539,29.523046493530,
104.450653076172,29.522964477539,
104.450614929199,29.522884368896,
104.450569152832,29.522802352905,
104.450523376465,29.522720336914,
104.450485229492,29.522638320923,
104.450439453125,29.522558212280,
104.450393676758,29.522476196289,
104.450355529785,29.522394180298,
104.450309753418,29.522312164307,
104.450263977051,29.522232055664,
104.450225830078,29.522150039673,
104.450180053711,29.522068023682,
104.450134277344,29.521986007690,
104.450096130371,29.521905899048,
104.450050354004,29.521823883057,
104.450004577637,29.521741867065,
104.449966430664,29.521659851074,
104.449920654297,29.521579742432,
104.449874877930,29.521497726440,
104.449836730957,29.521415710449,
104.449790954590,29.521333694458,
104.449745178223,29.521253585815,
104.449707031250,29.521171569824,
104.449661254883,29.521089553833,
104.449615478516,29.521007537842,
104.449577331543,29.520927429199,
104.449531555176,29.520845413208,
104.449485778809,29.520763397217,
104.449447631836,29.520681381226,
104.449401855469,29.520601272583,
104.449356079102,29.520519256592,
104.449310302734,29.520437240601,
104.449272155762,29.520355224609,
104.449226379395,29.520273208618,
104.449180603027,29.520193099976,
104.449142456055,29.520111083984,
104.449096679688,29.520029067993,
104.449050903320,29.519947052002,
104.449012756348,29.519866943359,
104.448966979980,29.519784927368,
104.448921203613,29.519702911377,
104.448883056641,29.519620895386,
104.448837280273,29.519540786743,
104.448791503906,29.519458770752,
104.448791503906,29.519454956055,
104.448783874512,29.519369125366,
104.448783874512,29.519279479980,
104.448776245117,29.519189834595,
104.448768615723,29.519100189209,
104.448768615723,29.519010543823,
104.448760986328,29.518920898438,
104.448753356934,29.518831253052,
104.448745727539,29.518741607666,
104.448745727539,29.518651962280,
104.448738098145,29.518562316895,
104.448730468750,29.518472671509,
104.448730468750,29.518383026123,
104.448722839355,29.518293380737,
104.448715209961,29.518203735352,
104.448707580566,29.518114089966,
104.448707580566,29.518024444580,
104.448699951172,29.517934799194,
104.448692321777,29.517845153809,
104.448692321777,29.517755508423,
104.448684692383,29.517663955688,
104.448677062988,29.517574310303,
104.448669433594,29.517484664917,
104.448669433594,29.517395019531,
104.448661804199,29.517305374146,
104.448654174805,29.517215728760,
104.448654174805,29.517143249512,
104.448654174805,29.517126083374,
104.448646545410,29.517036437988,
104.448638916016,29.516946792603,
104.448638916016,29.516857147217,
104.448631286621,29.516767501831,
104.448623657227,29.516677856445,
104.448616027832,29.516588211060,
104.448616027832,29.516498565674,
104.448608398438,29.516408920288,
104.448600769043,29.516319274902,
104.448600769043,29.516229629517,
104.448593139648,29.516139984131,
104.448585510254,29.516050338745,
104.448577880859,29.515960693359,
104.448577880859,29.515871047974,
104.448570251465,29.515781402588,
104.448562622070,29.515691757202,
104.448562622070,29.515602111816,
104.448554992676,29.515512466431,
104.448547363281,29.515422821045,
104.448539733887,29.515333175659,
104.448539733887,29.515243530273,
104.448532104492,29.515153884888,
104.448524475098,29.515064239502,
104.448524475098,29.514972686768,
104.448516845703,29.514883041382,
104.448509216309,29.514793395996,
104.448501586914,29.514703750610,
104.448501586914,29.514614105225,
104.448493957520,29.514524459839,
104.448486328125,29.514434814453,
104.448486328125,29.514345169067,
104.448478698730,29.514255523682,
104.448471069336,29.514165878296,
104.448463439941,29.514076232910,
104.448463439941,29.513986587524,
104.448455810547,29.513896942139,
104.448448181152,29.513807296753,
104.448448181152,29.513780593872,
104.448387145996,29.513753890991,
104.448287963867,29.513713836670,
104.448196411133,29.513675689697,
104.448104858398,29.513635635376,
104.448013305664,29.513597488403,
104.447921752930,29.513557434082,
104.447830200195,29.513517379761,
104.447731018066,29.513479232788,
104.447639465332,29.513439178467,
104.447547912598,29.513401031494,
104.447456359863,29.513360977173,
104.447364807129,29.513322830200,
104.447265625000,29.513282775879,
104.447174072266,29.513244628906,
104.447082519531,29.513204574585,
104.446990966797,29.513166427612,
104.446899414062,29.513126373291,
104.446807861328,29.513086318970,
104.446708679199,29.513048171997,
104.446617126465,29.513008117676,
104.446525573730,29.512969970703,
104.446434020996,29.512929916382,
104.446342468262,29.512891769409,
104.446250915527,29.512851715088,
104.446151733398,29.512813568115,
104.446060180664,29.512773513794,
104.445968627930,29.512733459473,
104.445877075195,29.512695312500,
104.445785522461,29.512655258179,
104.445693969727,29.512617111206,
104.445594787598,29.512577056885,
104.445503234863,29.512538909912,
104.445411682129,29.512498855591,
104.445320129395,29.512460708618,
104.445304870605,29.512453079224,
104.445220947266,29.512430191040,
104.445121765137,29.512401580811,
104.445022583008,29.512372970581,
104.444931030273,29.512344360352,
104.444831848145,29.512315750122,
104.444732666016,29.512287139893,
104.444633483887,29.512258529663,
104.444534301758,29.512229919434,
104.444435119629,29.512201309204,
104.444343566895,29.512172698975,
104.444244384766,29.512144088745,
104.444145202637,29.512115478516,
104.444046020508,29.512086868286,
104.443946838379,29.512058258057,
104.443847656250,29.512029647827,
104.443756103516,29.512001037598,
104.443656921387,29.511972427368,
104.443557739258,29.511943817139,
104.443458557129,29.511915206909,
104.443359375000,29.511886596680,
104.443267822266,29.511857986450,
104.443237304688,29.511852264404,
104.443161010742,29.511837005615,
104.443061828613,29.511817932129,
104.442962646484,29.511798858643,
104.442863464355,29.511779785156,
104.442764282227,29.511760711670,
104.442657470703,29.511741638184,
104.442558288574,29.511724472046,
104.442459106445,29.511705398560,
104.442359924316,29.511686325073,
104.442253112793,29.511667251587,
104.442153930664,29.511648178101,
104.442054748535,29.511629104614,
104.441955566406,29.511610031128,
104.441848754883,29.511590957642,
104.441749572754,29.511571884155,
104.441650390625,29.511552810669,
104.441551208496,29.511533737183,
104.441452026367,29.511514663696,
104.441345214844,29.511495590210,
104.441246032715,29.511476516724,
104.441146850586,29.511457443237,
104.441047668457,29.511438369751,
104.440940856934,29.511419296265,
104.440841674805,29.511402130127,
104.440834045410,29.511398315430,
104.440757751465,29.511350631714,
104.440673828125,29.511297225952,
104.440597534180,29.511243820190,
104.440513610840,29.511188507080,
104.440429687500,29.511135101318,
104.440345764160,29.511081695557,
104.440261840820,29.511028289795,
104.440177917480,29.510972976685,
104.440101623535,29.510919570923,
104.440017700195,29.510866165161,
104.439933776855,29.510810852051,
104.439849853516,29.510757446289,
104.439765930176,29.510704040527,
104.439689636230,29.510650634766,
104.439605712891,29.510595321655,
104.439521789551,29.510541915894,
104.439437866211,29.510488510132,
104.439353942871,29.510433197021,
104.439270019531,29.510379791260,
104.439193725586,29.510326385498,
104.439109802246,29.510272979736,
104.439025878906,29.510217666626,
104.438941955566,29.510164260864,
104.438858032227,29.510110855103,
104.438774108887,29.510055541992,
104.438766479492,29.510051727295,
104.438728332520,29.509977340698,
104.438682556152,29.509897232056,
104.438644409180,29.509815216064,
104.438598632812,29.509735107422,
104.438552856445,29.509653091431,
104.438507080078,29.509572982788,
104.438461303711,29.509490966797,
104.438423156738,29.509408950806,
104.438377380371,29.509328842163,
104.438331604004,29.509246826172,
104.438285827637,29.509166717529,
104.438240051270,29.509084701538,
104.438201904297,29.509004592896,
104.438156127930,29.508922576904,
104.438110351562,29.508842468262,
104.438064575195,29.508760452271,
104.438018798828,29.508678436279,
104.437980651855,29.508598327637,
104.437934875488,29.508516311646,
104.437889099121,29.508436203003,
104.437843322754,29.508354187012,
104.437797546387,29.508274078369,
104.437759399414,29.508192062378,
104.437713623047,29.508111953735,
104.437667846680,29.508029937744,
104.437622070312,29.507947921753,
104.437583923340,29.507867813110,
104.437538146973,29.507785797119,
104.437492370605,29.507705688477,
104.437446594238,29.507623672485,
104.437400817871,29.507543563843,
104.437362670898,29.507461547852,
104.437316894531,29.507381439209,
104.437271118164,29.507299423218,
104.437225341797,29.507217407227,
104.437225341797,29.507211685181,
104.437179565430,29.507137298584,
104.437141418457,29.507055282593,
104.437095642090,29.506973266602,
104.437049865723,29.506893157959,
104.437011718750,29.506811141968,
104.436965942383,29.506729125977,
104.436920166016,29.506649017334,
104.436874389648,29.506567001343,
104.436836242676,29.506484985352,
104.436790466309,29.506404876709,
104.436744689941,29.506322860718,
104.436698913574,29.506240844727,
104.436660766602,29.506160736084,
104.436614990234,29.506078720093,
104.436569213867,29.505996704102,
104.436531066895,29.505916595459,
104.436485290527,29.505834579468,
104.436439514160,29.505752563477,
104.436393737793,29.505672454834,
104.436355590820,29.505590438843,
104.436309814453,29.505508422852,
104.436264038086,29.505428314209,
104.436218261719,29.505346298218,
104.436180114746,29.505264282227,
104.436134338379,29.505184173584,
104.436088562012,29.505102157593,
104.436050415039,29.505020141602,
104.436019897461,29.504970550537,
104.435981750488,29.504976272583,
104.435882568359,29.504995346069,
104.435783386230,29.505016326904,
104.435676574707,29.505035400391,
104.435577392578,29.505054473877,
104.435478210449,29.505073547363,
104.435379028320,29.505092620850,
104.435279846191,29.505111694336,
104.435173034668,29.505130767822,
104.435073852539,29.505149841309,
104.434974670410,29.505170822144,
104.434875488281,29.505189895630,
104.434768676758,29.505208969116,
104.434669494629,29.505228042603,
104.434570312500,29.505247116089,
104.434471130371,29.505266189575,
104.434471130371,29.505266189575,
104.434364318848,29.505279541016,
104.434265136719,29.505292892456,
104.434165954590,29.505306243896,
104.434059143066,29.505319595337,
104.433959960938,29.505332946777,
104.433860778809,29.505348205566,
104.433753967285,29.505361557007,
104.433654785156,29.505374908447,
104.433547973633,29.505388259888,
104.433448791504,29.505401611328,
104.433349609375,29.505414962769,
104.433242797852,29.505428314209,
104.433143615723,29.505441665649,
104.433044433594,29.505455017090,
104.432937622070,29.505468368530,
104.432838439941,29.505481719971,
104.432731628418,29.505495071411,
104.432632446289,29.505508422852,
104.432533264160,29.505521774292,
104.432426452637,29.505535125732,
104.432327270508,29.505548477173,
104.432235717773,29.505559921265,
104.432228088379,29.505561828613,
104.432121276855,29.505573272705,
104.432022094727,29.505584716797,
104.431915283203,29.505596160889,
104.431816101074,29.505605697632,
104.431709289551,29.505617141724,
104.431610107422,29.505628585815,
104.431510925293,29.505640029907,
104.431404113770,29.505649566650,
104.431304931641,29.505661010742,
104.431198120117,29.505672454834,
104.431098937988,29.505683898926,
104.430992126465,29.505693435669,
104.430892944336,29.505704879761,
104.430793762207,29.505716323853,
104.430686950684,29.505727767944,
104.430587768555,29.505737304688,
104.430480957031,29.505748748779,
104.430381774902,29.505760192871,
104.430274963379,29.505771636963,
104.430175781250,29.505783081055,
104.430076599121,29.505792617798,
104.429969787598,29.505804061890,
104.429870605469,29.505815505981,
104.429763793945,29.505826950073,
104.429664611816,29.505836486816,
104.429557800293,29.505847930908,
104.429489135742,29.505855560303,
104.429458618164,29.505865097046,
104.429359436035,29.505891799927,
104.429260253906,29.505920410156,
104.429168701172,29.505949020386,
104.429069519043,29.505977630615,
104.428970336914,29.506006240845,
104.428871154785,29.506034851074,
104.428771972656,29.506061553955,
104.428672790527,29.506090164185,
104.428581237793,29.506118774414,
104.428482055664,29.506147384644,
104.428382873535,29.506175994873,
104.428283691406,29.506202697754,
104.428184509277,29.506231307983,
104.428085327148,29.506259918213,
104.427993774414,29.506288528442,
104.427894592285,29.506317138672,
104.427795410156,29.506343841553,
104.427696228027,29.506372451782,
104.427597045898,29.506401062012,
104.427497863770,29.506429672241,
104.427398681641,29.506458282471,
104.427307128906,29.506486892700,
104.427207946777,29.506513595581,
104.427108764648,29.506542205811,
104.427009582520,29.506570816040,
104.426910400391,29.506599426270,
104.426910400391,29.506599426270,
104.426818847656,29.506633758545,
104.426719665527,29.506669998169,
104.426628112793,29.506704330444,
104.426536560059,29.506740570068,
104.426437377930,29.506774902344,
104.426345825195,29.506811141968,
104.426246643066,29.506845474243,
104.426155090332,29.506881713867,
104.426055908203,29.506916046143,
104.425964355469,29.506952285767,
104.425865173340,29.506986618042,
104.425773620605,29.507022857666,
104.425682067871,29.507057189941,
104.425582885742,29.507093429565,
104.425491333008,29.507127761841,
104.425392150879,29.507164001465,
104.425300598145,29.507198333740,
104.425201416016,29.507234573364,
104.425109863281,29.507268905640,
104.425010681152,29.507305145264,
104.424919128418,29.507339477539,
104.424827575684,29.507375717163,
104.424728393555,29.507410049438,
104.424636840820,29.507446289062,
104.424537658691,29.507480621338,
104.424507141113,29.507492065430,
104.424438476562,29.507507324219,
104.424339294434,29.507526397705,
104.424240112305,29.507547378540,
104.424140930176,29.507566452026,
104.424041748047,29.507587432861,
104.423934936523,29.507606506348,
104.423835754395,29.507627487183,
104.423736572266,29.507646560669,
104.423637390137,29.507667541504,
104.423538208008,29.507686614990,
104.423431396484,29.507707595825,
104.423332214355,29.507726669312,
104.423233032227,29.507747650146,
104.423133850098,29.507766723633,
104.423034667969,29.507787704468,
104.422927856445,29.507806777954,
104.422828674316,29.507827758789,
104.422729492188,29.507846832275,
104.422630310059,29.507867813110,
104.422531127930,29.507886886597,
104.422431945801,29.507907867432,
104.422325134277,29.507928848267,
104.422271728516,29.507938385010,
104.422225952148,29.507946014404,
104.422126770020,29.507965087891,
104.422027587891,29.507982254028,
104.421920776367,29.507999420166,
104.421821594238,29.508016586304,
104.421722412109,29.508033752441,
104.421623229980,29.508052825928,
104.421516418457,29.508069992065,
104.421417236328,29.508087158203,
104.421318054199,29.508104324341,
104.421211242676,29.508121490479,
104.421112060547,29.508138656616,
104.421012878418,29.508157730103,
104.420913696289,29.508174896240,
104.420806884766,29.508192062378,
104.420707702637,29.508209228516,
104.420608520508,29.508226394653,
104.420555114746,29.508235931396,
104.420509338379,29.508247375488,
104.420410156250,29.508270263672,
104.420303344727,29.508293151855,
104.420204162598,29.508316040039,
104.420104980469,29.508338928223,
104.420005798340,29.508361816406,
104.419906616211,29.508384704590,
104.419807434082,29.508409500122,
104.419708251953,29.508432388306,
104.419609069824,29.508455276489,
104.419509887695,29.508478164673,
104.419410705566,29.508501052856,
104.419311523438,29.508523941040,
104.419212341309,29.508546829224,
104.419113159180,29.508569717407,
104.419006347656,29.508592605591,
104.418907165527,29.508615493774,
104.418807983398,29.508638381958,
104.418708801270,29.508661270142,
104.418609619141,29.508684158325,
104.418510437012,29.508707046509,
104.418411254883,29.508731842041,
104.418312072754,29.508754730225,
104.418212890625,29.508777618408,
104.418113708496,29.508800506592,
104.418014526367,29.508823394775,
104.417984008789,29.508831024170,
104.417915344238,29.508846282959,
104.417816162109,29.508869171143,
104.417716979980,29.508893966675,
104.417610168457,29.508916854858,
104.417510986328,29.508939743042,
104.417411804199,29.508964538574,
104.417312622070,29.508987426758,
104.417213439941,29.509010314941,
104.417114257812,29.509035110474,
104.417015075684,29.509057998657,
104.416915893555,29.509080886841,
104.416816711426,29.509105682373,
104.416717529297,29.509128570557,
104.416618347168,29.509153366089,
104.416519165039,29.509176254272,
104.416419982910,29.509199142456,
104.416320800781,29.509223937988,
104.416221618652,29.509246826172,
104.416122436523,29.509269714355,
104.416091918945,29.509277343750,
104.416015625000,29.509290695190,
104.415916442871,29.509311676025,
104.415817260742,29.509332656860,
104.415718078613,29.509353637695,
104.415618896484,29.509374618530,
104.415519714355,29.509395599365,
104.415420532227,29.509416580200,
104.415313720703,29.509437561035,
104.415214538574,29.509456634521,
104.415115356445,29.509477615356,
104.415016174316,29.509498596191,
104.414916992188,29.509519577026,
104.414817810059,29.509540557861,
104.414710998535,29.509561538696,
104.414627075195,29.509578704834,
104.414627075195,29.509590148926,
104.414634704590,29.509679794312,
104.414642333984,29.509769439697,
104.414649963379,29.509859085083,
104.414657592773,29.509948730469,
104.414665222168,29.510038375854,
104.414672851562,29.510128021240,
104.414680480957,29.510217666626,
104.414688110352,29.510307312012,
104.414695739746,29.510396957397,
104.414703369141,29.510486602783,
104.414710998535,29.510576248169,
104.414718627930,29.510665893555,
104.414726257324,29.510753631592,
104.414733886719,29.510843276978,
104.414749145508,29.510932922363,
104.414756774902,29.511022567749,
104.414764404297,29.511112213135,
104.414772033691,29.511201858521,
104.414779663086,29.511291503906,
104.414787292480,29.511381149292,
104.414794921875,29.511470794678,
104.414794921875,29.511520385742,
104.414802551270,29.511560440063,
104.414825439453,29.511648178101,
104.414840698242,29.511737823486,
104.414855957031,29.511825561523,
104.414871215820,29.511915206909,
104.414886474609,29.512002944946,
104.414909362793,29.512092590332,
104.414924621582,29.512180328369,
104.414939880371,29.512269973755,
104.414955139160,29.512357711792,
104.414978027344,29.512445449829,
104.414993286133,29.512535095215,
104.415008544922,29.512622833252,
104.415023803711,29.512712478638,
104.415039062500,29.512800216675,
104.415061950684,29.512889862061,
104.415077209473,29.512977600098,
104.415092468262,29.513067245483,
104.415107727051,29.513154983521,
104.415130615234,29.513244628906,
104.415138244629,29.513313293457,
104.415153503418,29.513330459595,
104.415199279785,29.513408660889,
104.415252685547,29.513488769531,
104.415298461914,29.513566970825,
104.415351867676,29.513645172119,
104.415397644043,29.513725280762,
104.415451049805,29.513803482056,
104.415496826172,29.513881683350,
104.415550231934,29.513961791992,
104.415596008301,29.514039993286,
104.415641784668,29.514118194580,
104.415695190430,29.514198303223,
104.415740966797,29.514276504517,
104.415794372559,29.514354705811,
104.415840148926,29.514434814453,
104.415893554688,29.514513015747,
104.415939331055,29.514591217041,
104.415992736816,29.514671325684,
104.416038513184,29.514749526978,
104.416091918945,29.514827728271,
104.416137695312,29.514907836914,
104.416168212891,29.514955520630,
104.416191101074,29.514984130859,
104.416252136230,29.515058517456,
104.416313171387,29.515130996704,
104.416374206543,29.515205383301,
104.416427612305,29.515277862549,
104.416488647461,29.515352249146,
104.416549682617,29.515426635742,
104.416610717773,29.515499114990,
104.416664123535,29.515573501587,
104.416725158691,29.515645980835,
104.416786193848,29.515720367432,
104.416847229004,29.515792846680,
104.416900634766,29.515867233276,
104.416961669922,29.515941619873,
104.417022705078,29.516014099121,
104.417083740234,29.516088485718,
104.417137145996,29.516160964966,
104.417198181152,29.516235351562,
104.417259216309,29.516309738159,
104.417320251465,29.516382217407,
104.417373657227,29.516450881958,
104.417373657227,29.516456604004,
104.417411804199,29.516540527344,
104.417449951172,29.516624450684,
104.417488098145,29.516706466675,
104.417526245117,29.516790390015,
104.417564392090,29.516874313354,
104.417602539062,29.516956329346,
104.417640686035,29.517040252686,
104.417678833008,29.517124176025,
104.417724609375,29.517208099365,
104.417762756348,29.517290115356,
104.417800903320,29.517374038696,
104.417839050293,29.517457962036,
104.417877197266,29.517541885376,
104.417915344238,29.517623901367,
104.417953491211,29.517707824707,
104.417991638184,29.517791748047,
104.418029785156,29.517873764038,
104.418060302734,29.517944335938,
104.418060302734,29.517959594727,
104.418060302734,29.518049240112,
104.418060302734,29.518138885498,
104.418060302734,29.518228530884,
104.418060302734,29.518318176270,
104.418060302734,29.518407821655,
104.418060302734,29.518497467041,
104.418060302734,29.518587112427,
104.418060302734,29.518676757812,
104.418060302734,29.518768310547,
104.418060302734,29.518857955933,
104.418060302734,29.518947601318,
104.418060302734,29.519037246704,
104.418060302734,29.519126892090,
104.418060302734,29.519216537476,
104.418060302734,29.519306182861,
104.418060302734,29.519395828247,
104.418060302734,29.519435882568,
104.418090820312,29.519479751587,
104.418144226074,29.519557952881,
104.418190002441,29.519634246826,
104.418243408203,29.519712448120,
104.418296813965,29.519790649414,
104.418350219727,29.519866943359,
104.418403625488,29.519945144653,
104.418449401855,29.520023345947,
104.418502807617,29.520099639893,
104.418556213379,29.520177841187,
104.418609619141,29.520256042480,
104.418663024902,29.520332336426,
104.418716430664,29.520410537720,
104.418762207031,29.520488739014,
104.418815612793,29.520565032959,
104.418869018555,29.520643234253,
104.418922424316,29.520721435547,
104.418975830078,29.520797729492,
104.419021606445,29.520875930786,
104.419075012207,29.520954132080,
104.419128417969,29.521030426025,
104.419181823730,29.521108627319,
104.419235229492,29.521186828613,
104.419265747070,29.521230697632,
104.419296264648,29.521251678467,
104.419387817383,29.521301269531,
104.419471740723,29.521350860596,
104.419555664062,29.521402359009,
104.419639587402,29.521451950073,
104.419731140137,29.521501541138,
104.419815063477,29.521551132202,
104.419898986816,29.521600723267,
104.419990539551,29.521650314331,
104.420074462891,29.521699905396,
104.420158386230,29.521751403809,
104.420242309570,29.521800994873,
104.420333862305,29.521850585938,
104.420417785645,29.521900177002,
104.420501708984,29.521949768066,
104.420585632324,29.521999359131,
104.420677185059,29.522048950195,
104.420761108398,29.522098541260,
104.420845031738,29.522150039673,
104.420928955078,29.522199630737,
104.421020507812,29.522249221802,
104.421104431152,29.522298812866,
104.421188354492,29.522348403931,
104.421272277832,29.522397994995,
104.421325683594,29.522426605225,
104.421363830566,29.522443771362,
104.421455383301,29.522483825684,
104.421546936035,29.522523880005,
104.421638488770,29.522563934326,
104.421730041504,29.522605895996,
104.421821594238,29.522645950317,
104.421920776367,29.522686004639,
104.422012329102,29.522726058960,
104.422103881836,29.522766113281,
104.422195434570,29.522806167603,
104.422286987305,29.522846221924,
104.422378540039,29.522886276245,
104.422470092773,29.522926330566,
104.422561645508,29.522966384888,
104.422653198242,29.523006439209,
104.422744750977,29.523048400879,
104.422843933105,29.523088455200,
104.422935485840,29.523128509521,
104.423027038574,29.523168563843,
104.423118591309,29.523208618164,
104.423210144043,29.523248672485,
104.423301696777,29.523288726807,
104.423385620117,29.523324966431,
104.423393249512,29.523330688477,
104.423477172852,29.523380279541,
104.423568725586,29.523429870605,
104.423652648926,29.523479461670,
104.423736572266,29.523529052734,
104.423820495605,29.523580551147,
104.423912048340,29.523630142212,
104.423995971680,29.523679733276,
104.424079895020,29.523729324341,
104.424163818359,29.523778915405,
104.424255371094,29.523828506470,
104.424339294434,29.523878097534,
104.424423217773,29.523929595947,
104.424507141113,29.523979187012,
104.424598693848,29.524028778076,
104.424682617188,29.524078369141,
104.424766540527,29.524127960205,
104.424850463867,29.524177551270,
104.424942016602,29.524227142334,
104.425025939941,29.524278640747,
104.425109863281,29.524328231812,
104.425193786621,29.524377822876,
104.425285339355,29.524427413940,
104.425369262695,29.524477005005,
104.425453186035,29.524526596069,
104.425537109375,29.524576187134,
104.425628662109,29.524627685547,
104.425712585449,29.524677276611,
104.425796508789,29.524726867676,
104.425880432129,29.524776458740,
104.425956726074,29.524820327759,
104.425971984863,29.524826049805,
104.426055908203,29.524875640869,
104.426139831543,29.524923324585,
104.426231384277,29.524971008301,517.71
104.426315307617,29.525020599365,515.14
104.426406860352,29.525068283081,512.57
104.426490783691,29.525117874146,509.24
104.426574707031,29.525165557861,505.89
104.426666259766,29.525215148926,502.55
104.426750183105,29.525262832642,499.20
104.426841735840,29.525312423706,495.85
104.426925659180,29.525360107422,491.88
104.427009582520,29.525409698486,487.74
104.427101135254,29.525457382202,483.61
104.427185058594,29.525506973267,479.13
104.427268981934,29.525554656982,474.62
104.427360534668,29.525604248047,470.10
104.427444458008,29.525651931763,465.58
104.427536010742,29.525701522827,461.07
104.427619934082,29.525749206543,456.55
104.427703857422,29.525798797607,452.76
104.427795410156,29.525846481323,449.99
104.427879333496,29.525896072388,447.82
104.427963256836,29.525943756104,445.66
104.428054809570,29.525993347168,443.50
104.428138732910,29.526041030884,441.34
104.428230285645,29.526088714600,439.18
104.428314208984,29.526138305664,436.92
104.428367614746,29.526166915894,435.35
104.428390502930,29.526197433472,435.04
104.428443908691,29.526273727417,434.75
104.428497314453,29.526350021362,434.47
104.428550720215,29.526426315308,434.18
104.428604125977,29.526502609253,433.89
104.428665161133,29.526578903198,433.60
104.428718566895,29.526655197144,433.31
104.428771972656,29.526731491089,433.02
104.428825378418,29.526807785034,432.73
104.428878784180,29.526884078979,432.53
104.428932189941,29.526960372925,432.35
104.428993225098,29.527036666870,432.17
104.429046630859,29.527112960815,431.99
104.429100036621,29.527189254761,431.81
104.429153442383,29.527263641357,431.63
104.429206848145,29.527339935303,432.47
104.429222106934,29.527362823486,432.82
104.429222106934,29.527425765991,433.43
104.429214477539,29.527515411377,434.30
104.429206848145,29.527605056763,435.16
104.429199218750,29.527694702148,436.03
104.429199218750,29.527784347534,436.89
104.429191589355,29.527873992920,437.79
104.429183959961,29.527965545654,439.65
104.429176330566,29.528055191040,441.52
104.429168701172,29.528144836426,443.39
104.429168701172,29.528234481812,445.25
104.429161071777,29.528324127197,447.12
104.429153442383,29.528413772583,448.99
104.429145812988,29.528503417969,450.86
104.429138183594,29.528593063354,452.72
104.429138183594,29.528682708740,454.59
104.429130554199,29.528772354126,456.46
104.429122924805,29.528861999512,458.32
104.429115295410,29.528951644897,460.19
104.429107666016,29.529041290283,462.06
104.429107666016,29.529130935669,463.93
104.429100036621,29.529220581055,464.89
104.429092407227,29.529310226440,465.48
104.429084777832,29.529399871826,466.06
104.429077148438,29.529489517212,466.65
104.429077148438,29.529579162598,467.53
104.429069519043,29.529668807983,468.51
104.429061889648,29.529758453369,469.50
104.429054260254,29.529848098755,470.77
104.429054260254,29.529901504517,471.94
104.429046630859,29.529937744141,472.80
104.429023742676,29.530025482178,474.94
104.429008483887,29.530113220215,477.07
104.428993225098,29.530202865601,479.20
104.428970336914,29.530290603638,481.34
104.428955078125,29.530378341675,483.47
104.428939819336,29.530467987061,485.60
104.428916931152,29.530555725098,487.74
104.428901672363,29.530645370483,489.87
104.428886413574,29.530733108521,492.00
104.428863525391,29.530820846558,494.02
104.428848266602,29.530910491943,495.67
104.428833007812,29.530998229980,497.31
104.428810119629,29.531087875366,498.95
104.428794860840,29.531175613403,500.60
104.428771972656,29.531263351440,502.18
104.428756713867,29.531352996826,503.46
104.428741455078,29.531440734863,504.74
104.428718566895,29.531528472900,506.09
104.428703308105,29.531618118286,507.55
104.428688049316,29.531705856323,509.02
104.428665161133,29.531795501709,510.48
104.428649902344,29.531883239746,511.94
104.428634643555,29.531970977783,513.41
104.428611755371,29.532060623169,514.87
104.428596496582,29.532148361206,516.34
104.428581237793,29.532236099243,517.80
104.428558349609,29.532325744629,519.27
104.428543090820,29.532413482666,520.73
104.428535461426,29.532438278198,521.14
104.428512573242,29.532501220703,522.27
104.428482055664,29.532587051392,523.84
104.428459167480,29.532672882080,525.41
104.428428649902,29.532758712769,526.98
104.428398132324,29.532844543457,528.55
104.428367614746,29.532930374146,530.12
104.428337097168,29.533016204834,531.69
104.428306579590,29.533102035522,533.26
104.428276062012,29.533187866211,534.83
104.428245544434,29.533275604248,536.40
104.428215026855,29.533361434937,537.97
104.428184509277,29.533447265625,539.54
104.428161621094,29.533533096313,541.11
104.428131103516,29.533618927002,542.68
104.428100585938,29.533704757690,544.25
104.428070068359,29.533790588379,545.82
104.428039550781,29.533876419067,547.20
104.428024291992,29.533929824829,547.99
104.428016662598,29.533964157104,548.42
104.427993774414,29.534051895142,549.54
104.427978515625,29.534141540527,550.66
104.427963256836,29.534229278564,551.78
104.427940368652,29.534317016602,553.12
104.427925109863,29.534406661987,555.21
104.427909851074,29.534494400024,557.31
104.427886962891,29.534584045410,559.41
104.427871704102,29.534671783447,561.50
104.427848815918,29.534759521484,563.60
104.427833557129,29.534849166870,565.69
104.427818298340,29.534936904907,567.79
104.427795410156,29.535024642944,569.88
104.427780151367,29.535114288330,571.98
104.427764892578,29.535202026367,573.18
104.427742004395,29.535291671753,574.11
104.427726745605,29.535379409790,575.03
104.427711486816,29.535467147827,575.96
104.427688598633,29.535556793213,576.89
104.427673339844,29.535644531250,577.78
104.427658081055,29.535732269287,578.19
104.427635192871,29.535821914673,578.60
104.427619934082,29.535909652710,579.01
104.427604675293,29.535999298096,579.42
104.427581787109,29.536087036133,579.83
104.427566528320,29.536174774170,580.24
104.427543640137,29.536264419556,580.65
104.427528381348,29.536352157593,581.06
104.427513122559,29.536439895630,581.47
104.427505493164,29.536468505859,581.60
104.427490234375,29.536529541016,581.99
104.427467346191,29.536615371704,583.36
104.427444458008,29.536703109741,586.06
104.427421569824,29.536790847778,587.36
104.427398681641,29.536878585815,587.51
104.427375793457,29.536966323853,587.66
104.427352905273,29.537054061890,587.80
104.427330017090,29.537141799927,587.95
104.427307128906,29.537229537964,587.96
104.427276611328,29.537317276001,587.92
104.427253723145,29.537403106689,587.87
104.427230834961,29.537490844727,587.83
104.427207946777,29.537578582764,587.27
104.427185058594,29.537666320801,586.04
104.427162170410,29.537754058838,584.81
104.427139282227,29.537841796875,583.59
104.427116394043,29.537929534912,582.36
104.427093505859,29.538017272949,581.13
104.427070617676,29.538105010986,579.90
104.427047729492,29.538190841675,579.51
104.427024841309,29.538278579712,579.26
104.427001953125,29.538366317749,579.01
104.426986694336,29.538408279419,578.89
104.426986694336,29.538455963135,578.43
104.426986694336,29.538545608521,577.56
104.426986694336,29.538635253906,576.69
104.426986694336,29.538724899292,575.81
104.426986694336,29.538814544678,574.91
104.426986694336,29.538904190063,573.99
104.426986694336,29.538993835449,573.19
104.426986694336,29.539083480835,573.01
104.426986694336,29.539173126221,572.84
104.426986694336,29.539264678955,572.66
104.426986694336,29.539354324341,572.49
104.426986694336,29.539443969727,572.31
104.426986694336,29.539533615112,572.14
104.426986694336,29.539623260498,571.96
104.426986694336,29.539712905884,571.79
104.426986694336,29.539802551270,571.62
104.426986694336,29.539892196655,571.44
104.426986694336,29.539981842041,571.27
104.426986694336,29.540071487427,571.09
104.426986694336,29.540163040161,570.92
104.426986694336,29.540199279785,570.85
104.427017211914,29.540246963501,570.40
104.427062988281,29.540327072144,569.64
104.427108764648,29.540407180786,568.88
104.427154541016,29.540487289429,568.28
104.427200317383,29.540567398071,567.67
104.427246093750,29.540647506714,567.51
104.427291870117,29.540727615356,568.12
104.427337646484,29.540809631348,568.74
104.427383422852,29.540889739990,569.61
104.427429199219,29.540969848633,571.04
104.427482604980,29.541049957275,572.47
104.427528381348,29.541130065918,573.90
104.427574157715,29.541210174561,575.33
104.427619934082,29.541290283203,576.76
104.427665710449,29.541370391846,578.19
104.427711486816,29.541452407837,579.63
104.427757263184,29.541532516479,581.06
104.427803039551,29.541612625122,582.58
104.427848815918,29.541692733765,584.61
104.427848815918,29.541694641113,584.66
104.427902221680,29.541769027710,586.72
104.427955627441,29.541847229004,588.82
104.428009033203,29.541923522949,590.93
104.428062438965,29.541999816895,593.04
104.428115844727,29.542078018188,595.14
104.428169250488,29.542154312134,597.25
104.428222656250,29.542232513428,599.36
104.428276062012,29.542308807373,601.52
104.428329467773,29.542385101318,603.68
104.428382873535,29.542463302612,605.84
104.428436279297,29.542539596558,608.08
104.428489685059,29.542615890503,610.50
104.428543090820,29.542694091797,613.37
104.428588867188,29.542770385742,616.21
104.428642272949,29.542848587036,618.67
104.428695678711,29.542924880981,621.14
104.428749084473,29.543001174927,623.60
104.428802490234,29.543079376221,626.07
104.428855895996,29.543155670166,628.53
104.428878784180,29.543188095093,629.56
104.428909301758,29.543231964111,631.00
104.428962707520,29.543308258057,633.47
104.429023742676,29.543386459351,635.95
104.429077148438,29.543462753296,638.42
104.429130554199,29.543539047241,640.89
104.429183959961,29.543615341187,643.15
104.429237365723,29.543691635132,644.75
104.429290771484,29.543767929077,646.36
104.429344177246,29.543844223022,647.96
104.429397583008,29.543920516968,649.57
104.429450988770,29.543996810913,651.18
104.429504394531,29.544075012207,652.78
104.429557800293,29.544151306152,654.39
104.429618835449,29.544227600098,655.99
104.429672241211,29.544303894043,657.75
104.429725646973,29.544380187988,659.62
104.429779052734,29.544456481934,661.48
104.429832458496,29.544532775879,663.35
104.429885864258,29.544609069824,664.13
104.429939270020,29.544687271118,664.07
104.429992675781,29.544763565063,664.00
104.430046081543,29.544839859009,663.94
104.430099487305,29.544916152954,663.87
104.430152893066,29.544992446899,663.81
104.430213928223,29.545068740845,663.75
104.430252075195,29.545131683350,663.70
104.430259704590,29.545146942139,663.77
104.430305480957,29.545228958130,664.18
104.430343627930,29.545310974121,664.58
104.430389404297,29.545392990112,664.99
104.430427551270,29.545475006104,665.39
104.430473327637,29.545557022095,665.80
104.430511474609,29.545639038086,666.20
104.430557250977,29.545721054077,666.39
104.430595397949,29.545803070068,666.33
104.430641174316,29.545885086060,666.27
104.430679321289,29.545967102051,666.20
104.430725097656,29.546049118042,666.14
104.430763244629,29.546131134033,666.07
104.430809020996,29.546213150024,666.01
104.430847167969,29.546295166016,665.95
104.430892944336,29.546377182007,665.88
104.430931091309,29.546459197998,665.82
104.430938720703,29.546476364136,665.81
104.430969238281,29.546543121338,665.98
104.431007385254,29.546628952026,666.20
104.431037902832,29.546712875366,666.42
104.431076049805,29.546796798706,666.63
104.431114196777,29.546880722046,666.85
104.431144714355,29.546966552734,667.04
104.431182861328,29.547050476074,667.01
104.431221008301,29.547134399414,666.98
104.431251525879,29.547218322754,666.94
104.431289672852,29.547304153442,666.91
104.431320190430,29.547388076782,666.88
104.431358337402,29.547472000122,666.84
104.431396484375,29.547555923462,666.81
104.431427001953,29.547641754150,666.78
104.431465148926,29.547725677490,666.74
104.431503295898,29.547809600830,666.41
104.431533813477,29.547893524170,666.07
104.431571960449,29.547979354858,665.73
104.431602478027,29.548063278198,665.39
104.431625366211,29.548118591309,665.17
104.431655883789,29.548135757446,664.42
104.431747436523,29.548185348511,663.05
104.431831359863,29.548234939575,662.48
104.431915283203,29.548284530640,661.90
104.431999206543,29.548336029053,661.32
104.432090759277,29.548385620117,660.74
104.432174682617,29.548435211182,660.17
104.432258605957,29.548484802246,659.59
104.432342529297,29.548534393311,659.21
104.432434082031,29.548583984375,659.08
104.432518005371,29.548633575439,658.94
104.432601928711,29.548685073853,658.79
104.432685852051,29.548734664917,657.41
104.432777404785,29.548784255981,656.02
104.432861328125,29.548833847046,654.64
104.432945251465,29.548883438110,653.26
104.433029174805,29.548933029175,651.87
104.433120727539,29.548982620239,650.49
104.433204650879,29.549034118652,649.10
104.433288574219,29.549083709717,647.85
104.433372497559,29.549133300781,644.51
104.433464050293,29.549182891846,641.44
104.433547973633,29.549232482910,638.37
104.433631896973,29.549282073975,635.04
104.433692932129,29.549316406250,632.84
104.433723449707,29.549308776855,631.59
104.433822631836,29.549287796021,626.62
104.433929443359,29.549268722534,621.65
104.434028625488,29.549247741699,616.69
104.434127807617,29.549228668213,611.72
104.434226989746,29.549207687378,606.75
104.434326171875,29.549188613892,601.78
104.434432983398,29.549167633057,596.81
104.434532165527,29.549148559570,591.85
104.434631347656,29.549129486084,586.88
104.434730529785,29.549108505249,582.87
104.434829711914,29.549089431763,579.17
104.434936523438,29.549068450928,575.52
104.435035705566,29.549049377441,571.88
104.435134887695,29.549028396606,568.23
104.435234069824,29.549009323120,564.58
104.435333251953,29.548988342285,560.93
104.435432434082,29.548969268799,557.28
104.435539245605,29.548948287964,553.63
104.435638427734,29.548929214478,549.99
104.435737609863,29.548908233643,546.34
104.435836791992,29.548889160156,542.69
104.435928344727,29.548871994019,539.55
104.435935974121,29.548866271973,539.03
104.436027526855,29.548826217651,535.30
104.436126708984,29.548786163330,532.28
104.436218261719,29.548746109009,529.29
104.436309814453,29.548706054688,526.30
104.436401367188,29.548666000366,523.31
104.436492919922,29.548625946045,520.32
104.436584472656,29.548585891724,517.34
104.436676025391,29.548545837402,514.35
104.436767578125,29.548505783081,511.36
104.436859130859,29.548465728760,508.37
104.436958312988,29.548425674438,505.38
104.437049865723,29.548385620117,502.39
104.437141418457,29.548345565796,499.41
104.437232971191,29.548305511475,496.42
104.437324523926,29.548265457153,493.04
104.437416076660,29.548225402832,489.41
104.437507629395,29.548185348511,487.00
104.437599182129,29.548145294189,484.59
104.437698364258,29.548105239868,482.17
104.437789916992,29.548065185547,479.97
104.437881469727,29.548025131226,477.94
104.437973022461,29.547985076904,475.90
104.438064575195,29.547945022583,473.87
104.438156127930,29.547904968262,471.84
104.438247680664,29.547864913940,469.81
104.438339233398,29.547824859619,467.78
104.438438415527,29.547784805298,465.75
104.438529968262,29.547744750977,463.72
104.438621520996,29.547704696655,462.26
104.438713073730,29.547666549683,461.19
104.438804626465,29.547626495361,461.05
104.438896179199,29.547586441040,461.07
104.438987731934,29.547546386719,461.09
104.439018249512,29.547533035278,461.10
104.439086914062,29.547542572021,461.09
104.439193725586,29.547555923462,461.08
104.439292907715,29.547569274902,461.08
104.439392089844,29.547582626343,461.70
104.439498901367,29.547595977783,462.44
104.439598083496,29.547609329224,463.19
104.439697265625,29.547622680664,463.96
104.439804077148,29.547636032104,464.74
104.439903259277,29.547649383545,465.51
104.440010070801,29.547662734985,466.29
104.440109252930,29.547676086426,467.06
104.440208435059,29.547689437866,467.67
104.440315246582,29.547704696655,468.15
104.440414428711,29.547718048096,468.62
104.440521240234,29.547731399536,469.15
104.440620422363,29.547744750977,470.09
104.440719604492,29.547758102417,471.03
104.440826416016,29.547771453857,471.96
104.440925598145,29.547784805298,472.78
104.441024780273,29.547798156738,473.57
104.441131591797,29.547811508179,474.36
104.441230773926,29.547824859619,475.15
104.441337585449,29.547838211060,475.94
104.441436767578,29.547851562500,476.73
104.441535949707,29.547866821289,477.62
104.441642761230,29.547880172729,478.42
104.441741943359,29.547893524170,479.22
104.441841125488,29.547906875610,480.02
104.441947937012,29.547920227051,480.82
104.442047119141,29.547933578491,481.62
104.442153930664,29.547946929932,482.81
104.442253112793,29.547960281372,484.56
104.442352294922,29.547973632812,486.18
104.442459106445,29.547986984253,487.24
104.442459106445,29.547986984253,487.26
104.442451477051,29.548074722290,490.22
104.442443847656,29.548164367676,493.23
104.442436218262,29.548254013062,495.91
104.442420959473,29.548343658447,498.53
104.442413330078,29.548433303833,501.15
104.442405700684,29.548522949219,503.77
104.442398071289,29.548612594604,506.39
104.442390441895,29.548702239990,509.01
104.442375183105,29.548791885376,511.63
104.442367553711,29.548881530762,514.25
104.442359924316,29.548971176147,516.87
104.442352294922,29.549060821533,519.49
104.442344665527,29.549148559570,521.15
104.442337036133,29.549238204956,521.95
104.442321777344,29.549327850342,522.74
104.442314147949,29.549417495728,523.70
104.442306518555,29.549507141113,525.11
104.442298889160,29.549596786499,526.53
104.442291259766,29.549686431885,527.94
104.442283630371,29.549776077271,529.69
104.442268371582,29.549865722656,531.64
104.442260742188,29.549955368042,533.58
104.442253112793,29.550045013428,535.52
104.442245483398,29.550134658813,537.46
104.442237854004,29.550224304199,539.40
104.442222595215,29.550312042236,541.34
104.442214965820,29.550401687622,543.29
104.442207336426,29.550491333008,545.49
104.442199707031,29.550580978394,548.93
104.442192077637,29.550670623779,552.37
104.442184448242,29.550760269165,554.85
104.442169189453,29.550849914551,556.94
104.442161560059,29.550939559937,559.03
104.442153930664,29.551029205322,561.13
104.442146301270,29.551118850708,563.22
104.442138671875,29.551208496094,566.08
104.442131042480,29.551298141479,569.69
104.442115783691,29.551385879517,573.31
104.442115783691,29.551420211792,574.64
104.442092895508,29.551471710205,576.23
104.442054748535,29.551555633545,578.75
104.442016601562,29.551639556885,581.27
104.441978454590,29.551723480225,582.70
104.441940307617,29.551805496216,584.04
104.441902160645,29.551889419556,585.37
104.441864013672,29.551973342896,586.71
104.441818237305,29.552055358887,588.13
104.441780090332,29.552139282227,589.62
104.441741943359,29.552223205566,591.10
104.441703796387,29.552305221558,592.59
104.441665649414,29.552389144897,594.08
104.441627502441,29.552473068237,595.56
104.441589355469,29.552556991577,597.06
104.441551208496,29.552639007568,599.47
104.441513061523,29.552722930908,602.23
104.441474914551,29.552806854248,604.77
104.441436767578,29.552888870239,607.31
104.441398620605,29.552972793579,609.85
104.441360473633,29.553056716919,612.39
104.441322326660,29.553140640259,614.93
104.441284179688,29.553222656250,617.48
104.441246032715,29.553306579590,620.26
104.441207885742,29.553390502930,623.05
104.441169738770,29.553472518921,625.83
104.441131591797,29.553556442261,628.31
104.441093444824,29.553640365601,630.30
104.441055297852,29.553724288940,632.28
104.441017150879,29.553806304932,634.27
104.440979003906,29.553890228271,636.26
104.440940856934,29.553974151611,638.24
104.440902709961,29.554056167603,640.23
104.440856933594,29.554140090942,642.21
104.440818786621,29.554224014282,644.41
104.440780639648,29.554307937622,646.82
104.440742492676,29.554389953613,649.22
104.440742492676,29.554403305054,649.57
104.440689086914,29.554466247559,650.32
104.440635681152,29.554540634155,649.12
104.440574645996,29.554615020752,647.42
104.440521240234,29.554691314697,645.71
104.440460205078,29.554765701294,644.01
104.440406799316,29.554840087891,642.16
104.440345764160,29.554914474487,640.19
104.440292358398,29.554988861084,638.22
104.440231323242,29.555063247681,636.24
104.440177917480,29.555137634277,634.27
104.440116882324,29.555213928223,632.30
104.440055847168,29.555288314819,630.22
104.440002441406,29.555362701416,626.67
104.439941406250,29.555437088013,623.12
104.439888000488,29.555511474609,619.57
104.439826965332,29.555585861206,616.02
104.439773559570,29.555662155151,612.47
104.439712524414,29.555736541748,608.92
104.439659118652,29.555810928345,606.21
104.439598083496,29.555885314941,603.72
104.439544677734,29.555959701538,601.23
104.439483642578,29.556034088135,598.73
104.439430236816,29.556108474731,596.24
104.439369201660,29.556184768677,593.75
104.439361572266,29.556192398071,593.48
104.439331054688,29.556266784668,592.01
104.439292907715,29.556350708008,590.57
104.439262390137,29.556434631348,589.12
104.439224243164,29.556518554688,587.68
104.439186096191,29.556602478027,586.24
104.439147949219,29.556688308716,584.80
104.439117431641,29.556772232056,583.35
104.439079284668,29.556856155396,581.91
104.439041137695,29.556940078735,580.47
104.439002990723,29.557024002075,579.03
104.438964843750,29.557107925415,577.92
104.438934326172,29.557191848755,576.90
104.438896179199,29.557275772095,575.88
104.438858032227,29.557359695435,574.87
104.438819885254,29.557443618774,573.85
104.438789367676,29.557527542114,572.83
104.438751220703,29.557613372803,571.81
104.438713073730,29.557697296143,570.79
104.438674926758,29.557781219482,569.78
104.438644409180,29.557865142822,568.76
104.438606262207,29.557949066162,568.97
104.438568115234,29.558032989502,569.48
104.438529968262,29.558116912842,570.00
104.438499450684,29.558200836182,570.56
104.438461303711,29.558284759521,571.19
104.438423156738,29.558368682861,571.82
104.438385009766,29.558452606201,572.45
104.438354492188,29.558536529541,573.08
104.438331604004,29.558578491211,573.39
104.438346862793,29.558622360229,574.52
104.438369750977,29.558710098267,576.72
104.438392639160,29.558797836304,579.35
104.438423156738,29.558883666992,582.00
104.438446044922,29.558971405029,584.65
104.438468933105,29.559059143066,587.22
104.438499450684,29.559144973755,589.60
104.438522338867,29.559232711792,591.98
104.438545227051,29.559320449829,594.36
104.438568115234,29.559408187866,596.68
104.438598632812,29.559494018555,598.03
104.438621520996,29.559581756592,599.38
104.438644409180,29.559669494629,600.73
104.438674926758,29.559755325317,602.08
104.438697814941,29.559843063354,603.43
104.438720703125,29.559930801392,604.78
104.438743591309,29.560016632080,606.13
104.438774108887,29.560104370117,607.48
104.438796997070,29.560192108154,608.83
104.438819885254,29.560277938843,610.18
104.438850402832,29.560365676880,611.53
104.438873291016,29.560453414917,612.88
104.438896179199,29.560539245605,614.23
104.438919067383,29.560626983643,615.58
104.438949584961,29.560714721680,616.93
104.438972473145,29.560802459717,618.28
104.438995361328,29.560888290405,619.63
104.439018249512,29.560968399048,620.86
104.439025878906,29.560974121094,621.04
104.439086914062,29.561048507690,623.01
104.439147949219,29.561120986938,624.95
104.439201354980,29.561195373535,626.89
104.439262390137,29.561269760132,628.82
104.439323425293,29.561342239380,630.76
104.439384460449,29.561416625977,632.70
104.439437866211,29.561489105225,634.79
104.439498901367,29.561563491821,638.61
104.439559936523,29.561637878418,642.81
104.439620971680,29.561710357666,647.05
104.439674377441,29.561784744263,651.28
104.439735412598,29.561857223511,655.51
104.439796447754,29.561931610107,659.75
104.439857482910,29.562004089355,663.98
104.439910888672,29.562078475952,668.21
104.439971923828,29.562152862549,672.45
104.440032958984,29.562225341797,676.68
104.440093994141,29.562299728394,680.91
104.440155029297,29.562372207642,685.14
104.440208435059,29.562446594238,689.38
104.440223693848,29.562461853027,690.29
104.440307617188,29.562461853027,693.92
104.440406799316,29.562461853027,698.55
104.440513610840,29.562463760376,703.04
104.440612792969,29.562463760376,707.33
104.440719604492,29.562463760376,711.62
104.440818786621,29.562463760376,715.91
104.440925598145,29.562463760376,718.71
104.441024780273,29.562463760376,721.12
104.441131591797,29.562463760376,723.53
104.441230773926,29.562463760376,725.79
104.441337585449,29.562463760376,727.45
104.441436767578,29.562463760376,729.11
104.441543579102,29.562465667725,730.68
104.441650390625,29.562465667725,731.77
104.441749572754,29.562465667725,732.87
104.441856384277,29.562465667725,733.96
104.441955566406,29.562465667725,735.05
104.442062377930,29.562465667725,736.15
104.442161560059,29.562465667725,737.24
104.442268371582,29.562465667725,738.59
104.442367553711,29.562465667725,739.93
104.442474365234,29.562465667725,741.28
104.442573547363,29.562467575073,742.62
104.442634582520,29.562467575073,743.33
104.442680358887,29.562458038330,743.83
104.442779541016,29.562438964844,744.91
104.442878723145,29.562419891357,745.98
104.442977905273,29.562400817871,747.05
104.443084716797,29.562381744385,748.13
104.443183898926,29.562362670898,749.20
104.443283081055,29.562345504761,750.27
104.443382263184,29.562326431274,751.35
104.443489074707,29.562307357788,752.42
104.443588256836,29.562288284302,753.50
104.443687438965,29.562269210815,754.57
104.443786621094,29.562250137329,755.64
104.443893432617,29.562231063843,756.72
104.443992614746,29.562211990356,757.79
104.444091796875,29.562194824219,758.86
104.444190979004,29.562175750732,759.94
104.444297790527,29.562156677246,760.68
104.444396972656,29.562137603760,760.05
104.444496154785,29.562118530273,759.42
104.444595336914,29.562099456787,758.79
104.444694519043,29.562080383301,758.16
104.444801330566,29.562061309814,757.53
104.444900512695,29.562042236328,756.71
104.444999694824,29.562025070190,755.55
104.445098876953,29.562005996704,754.40
104.445205688477,29.561986923218,753.25
104.445304870605,29.561967849731,752.09
104.445404052734,29.561948776245,750.94
104.445503234863,29.561929702759,749.79
104.445610046387,29.561910629272,748.63
104.445709228516,29.561891555786,747.48
104.445808410645,29.561874389648,746.33
104.445907592773,29.561855316162,745.19
104.446014404297,29.561836242676,744.08
104.446113586426,29.561817169189,742.97
104.446212768555,29.561798095703,741.86
104.446311950684,29.561779022217,740.75
104.446411132812,29.561759948730,739.63
104.446517944336,29.561740875244,738.52
104.446586608887,29.561729431152,737.76
104.446617126465,29.561729431152,737.50
104.446723937988,29.561729431152,736.68
104.446823120117,29.561729431152,735.86
104.446929931641,29.561729431152,735.03
104.447029113770,29.561729431152,734.17
104.447135925293,29.561729431152,732.98
104.447235107422,29.561729431152,731.78
104.447341918945,29.561729431152,730.58
104.447441101074,29.561731338501,729.38
104.447547912598,29.561731338501,728.18
104.447647094727,29.561731338501,726.98
104.447753906250,29.561731338501,725.78
104.447853088379,29.561731338501,724.58
104.447959899902,29.561731338501,723.00
104.448066711426,29.561731338501,721.42
104.448165893555,29.561731338501,719.85
104.448272705078,29.561731338501,718.27
104.448371887207,29.561733245850,716.69
104.448478698730,29.561733245850,715.17
104.448577880859,29.561733245850,712.42
104.448684692383,29.561733245850,708.31
104.448783874512,29.561733245850,704.20
104.448890686035,29.561733245850,700.10
104.448989868164,29.561733245850,695.53
104.449096679688,29.561733245850,690.58
104.449195861816,29.561733245850,685.62
104.449302673340,29.561735153198,680.67
104.449409484863,29.561735153198,675.79
104.449508666992,29.561735153198,671.03
104.449508666992,29.561735153198,671.06
104.449516296387,29.561824798584,673.78
104.449531555176,29.561914443970,676.50
104.449539184570,29.562004089355,679.33
104.449554443359,29.562091827393,681.32
104.449562072754,29.562181472778,682.77
104.449577331543,29.562271118164,684.23
104.449584960938,29.562360763550,686.18
104.449600219727,29.562450408936,689.22
104.449607849121,29.562540054321,692.26
104.449623107910,29.562627792358,695.30
104.449630737305,29.562717437744,698.34
104.449645996094,29.562807083130,701.38
104.449653625488,29.562896728516,703.54
104.449668884277,29.562986373901,705.28
104.449676513672,29.563074111938,707.02
104.449676513672,29.563077926636,707.09
104.449630737305,29.563154220581,709.93
104.449584960938,29.563232421875,712.90
104.449531555176,29.563312530518,715.86
104.449485778809,29.563390731812,718.82
104.449440002441,29.563470840454,721.79
104.449386596680,29.563549041748,724.75
104.449340820312,29.563629150391,727.72
104.449287414551,29.563707351685,730.68
104.449241638184,29.563785552979,733.64
104.449188232422,29.563865661621,736.61
104.449142456055,29.563943862915,739.57
104.449096679688,29.564023971558,742.54
104.449043273926,29.564102172852,745.14
104.448997497559,29.564182281494,747.01
104.448944091797,29.564260482788,748.54
104.448898315430,29.564340591431,749.98
104.448844909668,29.564418792725,751.42
104.448799133301,29.564496994019,752.77
104.448745727539,29.564577102661,753.77
104.448699951172,29.564655303955,754.77
104.448654174805,29.564735412598,755.77
104.448600769043,29.564813613892,756.59
104.448554992676,29.564893722534,757.11
104.448501586914,29.564971923828,757.82
104.448478698730,29.565015792847,758.59
104.448448181152,29.565048217773,759.35
104.448387145996,29.565120697021,760.97
104.448326110840,29.565193176270,761.70
104.448265075684,29.565265655518,762.44
104.448204040527,29.565338134766,763.17
104.448143005371,29.565410614014,763.90
104.448081970215,29.565483093262,764.64
104.448020935059,29.565555572510,765.37
104.447959899902,29.565628051758,766.10
104.447898864746,29.565700531006,766.84
104.447837829590,29.565773010254,767.57
104.447776794434,29.565845489502,768.30
104.447715759277,29.565917968750,769.04
104.447654724121,29.565990447998,769.77
104.447593688965,29.566062927246,770.50
104.447532653809,29.566135406494,771.37
104.447471618652,29.566209793091,772.56
104.447410583496,29.566282272339,773.75
104.447349548340,29.566354751587,774.93
104.447296142578,29.566427230835,775.96
104.447235107422,29.566499710083,776.39
104.447174072266,29.566572189331,776.83
104.447113037109,29.566644668579,777.27
104.447097778320,29.566654205322,777.33
104.447135925293,29.566726684570,776.62
104.447174072266,29.566808700562,775.78
104.447212219238,29.566892623901,774.94
104.447250366211,29.566976547241,774.36
104.447288513184,29.567060470581,774.59
104.447326660156,29.567142486572,774.81
104.447364807129,29.567226409912,775.03
104.447402954102,29.567310333252,775.26
104.447441101074,29.567392349243,775.48
104.447479248047,29.567476272583,775.71
104.447517395020,29.567560195923,775.93
104.447555541992,29.567644119263,776.15
104.447593688965,29.567726135254,776.38
104.447631835938,29.567810058594,776.60
104.447669982910,29.567893981934,776.82
104.447708129883,29.567977905273,777.05
104.447746276855,29.568059921265,777.27
104.447784423828,29.568143844604,777.49
104.447784423828,29.568149566650,777.51
104.447822570801,29.568227767944,778.09
104.447860717773,29.568309783936,778.77
104.447898864746,29.568393707275,779.46
104.447937011719,29.568477630615,780.47
104.447975158691,29.568561553955,781.49
104.448013305664,29.568643569946,782.51
104.448051452637,29.568727493286,783.53
104.448059082031,29.568742752075,783.71
104.448089599609,29.568811416626,784.55
104.448127746582,29.568893432617,785.57
104.448165893555,29.568977355957,786.59
104.448211669922,29.569061279297,787.61
104.448249816895,29.569145202637,788.62
104.448287963867,29.569227218628,789.64
104.448326110840,29.569311141968,790.66
104.448364257812,29.569395065308,791.68
104.448402404785,29.569478988647,792.66
104.448440551758,29.569561004639,793.12
104.448478698730,29.569643020630,793.57
104.448478698730,29.569644927979,793.57
104.448532104492,29.569721221924,792.70
104.448585510254,29.569797515869,791.39
104.448638916016,29.569873809814,790.07
104.448692321777,29.569950103760,788.92
104.448745727539,29.570026397705,787.91
104.448799133301,29.570104598999,787.00
104.448852539062,29.570180892944,786.11
104.448913574219,29.570257186890,785.23
104.448966979980,29.570333480835,784.34
104.449020385742,29.570409774780,783.45
104.449073791504,29.570486068726,782.57
104.449127197266,29.570562362671,781.68
104.449180603027,29.570638656616,780.79
104.449234008789,29.570714950562,779.90
104.449287414551,29.570793151855,779.02
104.449340820312,29.570869445801,778.13
104.449394226074,29.570945739746,777.24
104.449455261230,29.571022033691,776.35
104.449508666992,29.571098327637,775.47
104.449562072754,29.571174621582,774.58
104.449615478516,29.571250915527,773.69
104.449668884277,29.571327209473,772.80
104.449722290039,29.571403503418,771.92
104.449775695801,29.571479797363,771.06
104.449829101562,29.571557998657,770.20
104.449851989746,29.571586608887,769.87
104.449867248535,29.571640014648,769.59
104.449890136719,29.571727752686,769.13
104.449920654297,29.571815490723,768.68
104.449943542480,29.571901321411,768.22
104.449966430664,29.571989059448,767.76
104.449989318848,29.572076797485,767.04
104.450019836426,29.572162628174,766.25
104.450042724609,29.572250366211,765.39
104.450065612793,29.572338104248,764.48
104.450096130371,29.572423934937,763.58
104.450119018555,29.572511672974,759.46
104.450141906738,29.572599411011,754.73
104.450164794922,29.572685241699,751.30
104.450195312500,29.572772979736,748.24
104.450218200684,29.572860717773,745.43
104.450241088867,29.572946548462,742.62
104.450271606445,29.573034286499,739.81
104.450294494629,29.573122024536,737.00
104.450317382812,29.573209762573,734.18
104.450340270996,29.573295593262,731.37
104.450370788574,29.573383331299,728.56
104.450393676758,29.573471069336,725.75
104.450416564941,29.573556900024,722.94
104.450447082520,29.573644638062,720.13
104.450469970703,29.573732376099,717.32
104.450492858887,29.573818206787,714.51
104.450515747070,29.573905944824,713.58
104.450538635254,29.573976516724,712.89
104.450538635254,29.573993682861,712.87
104.450538635254,29.574083328247,714.05
104.450538635254,29.574172973633,715.62
104.450538635254,29.574262619019,717.19
104.450538635254,29.574352264404,718.76
104.450538635254,29.574441909790,720.33
104.450538635254,29.574533462524,721.90
104.450538635254,29.574623107910,723.58
104.450538635254,29.574712753296,725.48
104.450538635254,29.574802398682,727.37
104.450538635254,29.574892044067,729.27
104.450538635254,29.574981689453,731.17
104.450538635254,29.575071334839,733.06
104.450538635254,29.575160980225,734.96
104.450538635254,29.575250625610,735.85
104.450538635254,29.575319290161,735.29
104.450553894043,29.575338363647,734.73
104.450599670410,29.575416564941,732.45
104.450653076172,29.575494766235,730.17
104.450706481934,29.575572967529,727.89
104.450759887695,29.575649261475,725.62
104.450805664062,29.575727462769,723.34
104.450859069824,29.575805664062,721.06
104.450912475586,29.575883865356,718.77
104.450965881348,29.575962066650,716.13
104.451011657715,29.576040267944,713.48
104.451065063477,29.576118469238,710.83
104.451118469238,29.576196670532,708.19
104.451164245605,29.576274871826,705.54
104.451217651367,29.576351165771,702.89
104.451225280762,29.576364517212,702.44
104.451225280762,29.576438903809,701.46
104.451225280762,29.576530456543,700.29
104.451225280762,29.576620101929,698.98
104.451225280762,29.576709747314,696.27
104.451225280762,29.576799392700,693.57
104.451225280762,29.576889038086,690.87
104.451225280762,29.576978683472,688.16
104.451225280762,29.577068328857,685.46
104.451225280762,29.577157974243,682.76
104.451225280762,29.577247619629,680.05
104.451225280762,29.577337265015,677.35
104.451225280762,29.577426910400,674.64
104.451225280762,29.577518463135,671.94
104.451225280762,29.577608108521,669.46
104.451225280762,29.577697753906,667.41
104.451225280762,29.577787399292,665.36
104.451225280762,29.577857971191,663.75
104.451225280762,29.577877044678,663.31
104.451225280762,29.577966690063,661.26
104.451225280762,29.578056335449,659.21
104.451225280762,29.578145980835,657.16
104.451225280762,29.578235626221,655.11
104.451225280762,29.578325271606,653.06
104.451225280762,29.578416824341,651.01
104.451225280762,29.578506469727,648.96
104.451225280762,29.578596115112,646.59
104.451225280762,29.578685760498,643.10
104.451225280762,29.578775405884,640.61
104.451225280762,29.578865051270,637.93
104.451225280762,29.578903198242,636.82
104.451278686523,29.578926086426,634.23
104.451370239258,29.578966140747,629.80
104.451469421387,29.579006195068,625.37
104.451560974121,29.579046249390,620.94
104.451652526855,29.579086303711,616.18
104.451744079590,29.579128265381,611.41
104.451835632324,29.579168319702,606.63
104.451927185059,29.579208374023,601.86
104.452018737793,29.579248428345,597.09
104.452110290527,29.579288482666,592.32
104.452201843262,29.579328536987,587.55
104.452293395996,29.579368591309,582.78
104.452392578125,29.579408645630,578.01
104.452484130859,29.579448699951,573.24
104.452575683594,29.579490661621,569.29
104.452667236328,29.579530715942,565.80
104.452758789062,29.579570770264,562.30
104.452850341797,29.579610824585,558.63
104.452941894531,29.579650878906,554.91
104.453033447266,29.579690933228,551.19
104.453125000000,29.579730987549,547.47
104.453216552734,29.579771041870,544.41
104.453292846680,29.579803466797,544.03
104.453292846680,29.579824447632,543.64
104.453292846680,29.579914093018,541.94
104.453292846680,29.580003738403,540.29
104.453292846680,29.580093383789,541.84
104.453292846680,29.580183029175,542.10
104.453292846680,29.580272674561,542.36
104.453292846680,29.580362319946,542.62
104.453292846680,29.580451965332,542.88
104.453292846680,29.580541610718,543.14
104.453292846680,29.580631256104,543.41
104.453292846680,29.580722808838,543.98
104.453292846680,29.580812454224,545.33
104.453292846680,29.580902099609,547.06
104.453292846680,29.580991744995,548.79
104.453292846680,29.581081390381,550.53
104.453292846680,29.581171035767,552.26
104.453292846680,29.581260681152,553.99
104.453292846680,29.581295013428,554.66
104.453254699707,29.581338882446,555.09
104.453186035156,29.581409454346,555.80
104.453125000000,29.581481933594,556.50
104.453063964844,29.581552505493,557.20
104.453002929688,29.581623077393,558.00
104.452934265137,29.581693649292,558.81
104.452873229980,29.581766128540,559.61
104.452812194824,29.581836700439,560.42
104.452743530273,29.581907272339,561.22
104.452682495117,29.581977844238,562.03
104.452621459961,29.582050323486,562.83
104.452560424805,29.582120895386,564.50
104.452491760254,29.582191467285,566.49
104.452430725098,29.582263946533,568.79
104.452369689941,29.582334518433,571.09
104.452301025391,29.582405090332,573.39
104.452239990234,29.582475662231,575.68
104.452178955078,29.582548141479,576.71
104.452117919922,29.582618713379,577.74
104.452049255371,29.582689285278,578.77
104.451988220215,29.582759857178,580.04
104.451927185059,29.582832336426,582.47
104.451858520508,29.582902908325,584.89
104.451797485352,29.582973480225,587.32
104.451736450195,29.583044052124,589.75
104.451675415039,29.583116531372,590.99
104.451606750488,29.583187103271,592.22
104.451568603516,29.583230972290,592.88
104.451553344727,29.583261489868,593.46
104.451499938965,29.583339691162,594.96
104.451454162598,29.583417892456,596.46
104.451400756836,29.583498001099,597.97
104.451354980469,29.583576202393,599.47
104.451301574707,29.583654403687,600.97
104.451255798340,29.583734512329,602.30
104.451202392578,29.583812713623,603.28
104.451156616211,29.583890914917,604.27
104.451103210449,29.583971023560,604.81
104.451057434082,29.584049224854,605.30
104.451004028320,29.584127426147,605.79
104.450958251953,29.584207534790,606.29
104.450904846191,29.584285736084,606.78
104.450859069824,29.584363937378,607.28
104.450805664062,29.584444046021,607.77
104.450759887695,29.584522247314,608.26
104.450706481934,29.584600448608,608.76
104.450660705566,29.584680557251,609.25
104.450607299805,29.584758758545,609.75
104.450561523438,29.584836959839,610.58
104.450538635254,29.584871292114,611.09
104.450500488281,29.584911346436,611.78
104.450439453125,29.584983825684,613.63
104.450378417969,29.585056304932,615.77
104.450317382812,29.585126876831,617.90
104.450256347656,29.585199356079,620.05
104.450195312500,29.585269927979,622.22
104.450126647949,29.585342407227,624.39
104.450065612793,29.585414886475,626.57
104.450004577637,29.585485458374,628.74
104.449943542480,29.585557937622,630.92
104.449882507324,29.585630416870,633.09
104.449821472168,29.585700988770,635.26
104.449760437012,29.585773468018,637.44
104.449691772461,29.585844039917,639.61
104.449630737305,29.585916519165,641.79
104.449569702148,29.585988998413,643.96
104.449508666992,29.586059570312,646.13
104.449508666992,29.586061477661,646.20
104.449455261230,29.586137771606,648.67
104.449409484863,29.586217880249,651.22
104.449356079102,29.586296081543,653.77
104.449310302734,29.586374282837,655.75
104.449256896973,29.586454391479,657.54
104.449211120605,29.586532592773,659.34
104.449157714844,29.586610794067,661.13
104.449111938477,29.586690902710,662.93
104.449058532715,29.586769104004,664.57
104.449012756348,29.586847305298,665.48
104.448959350586,29.586927413940,665.06
104.448913574219,29.587005615234,664.46
104.448860168457,29.587083816528,663.86
104.448814392090,29.587163925171,663.26
104.448760986328,29.587242126465,662.66
104.448715209961,29.587320327759,662.06
104.448661804199,29.587398529053,660.85
104.448616027832,29.587478637695,659.04
104.448562622070,29.587556838989,657.24
104.448516845703,29.587635040283,655.43
104.448478698730,29.587701797485,653.92
104.448463439941,29.587715148926,653.63
104.448417663574,29.587793350220,651.82
104.448364257812,29.587871551514,650.01
104.448318481445,29.587951660156,648.01
104.448265075684,29.588029861450,645.45
104.448219299316,29.588108062744,642.88
104.448165893555,29.588188171387,640.32
104.448120117188,29.588266372681,638.73
104.448066711426,29.588344573975,639.27
104.448020935059,29.588424682617,639.11
104.447967529297,29.588502883911,638.79
104.447921752930,29.588581085205,638.34
104.447868347168,29.588661193848,637.88
104.447822570801,29.588739395142,637.43
104.447769165039,29.588817596436,636.97
104.447723388672,29.588895797729,636.51
104.447669982910,29.588975906372,637.40
104.447624206543,29.589054107666,638.86
104.447570800781,29.589132308960,640.32
104.447525024414,29.589212417603,641.77
104.447471618652,29.589290618896,643.23
104.447441101074,29.589340209961,644.16
104.447425842285,29.589370727539,644.82
104.447387695312,29.589452743530,646.74
104.447341918945,29.589534759521,648.67
104.447303771973,29.589616775513,650.59
104.447257995605,29.589698791504,652.75
104.447219848633,29.589780807495,654.91
104.447174072266,29.589862823486,657.07
104.447135925293,29.589944839478,659.23
104.447090148926,29.590026855469,661.39
104.447052001953,29.590108871460,663.55
104.447006225586,29.590190887451,666.02
104.446968078613,29.590272903442,669.10
104.446922302246,29.590354919434,672.48
104.446884155273,29.590436935425,675.86
104.446838378906,29.590518951416,679.24
104.446800231934,29.590600967407,682.61
104.446754455566,29.590682983398,685.99
104.446754455566,29.590682983398,685.99
104.446708679199,29.590763092041,689.12
104.446662902832,29.590843200684,692.10
104.446617126465,29.590925216675,695.08
104.446571350098,29.591005325317,698.06
104.446525573730,29.591085433960,701.04
104.446479797363,29.591165542603,704.02
104.446434020996,29.591245651245,707.00
104.446388244629,29.591325759888,710.28
104.446334838867,29.591405868530,714.15
104.446289062500,29.591485977173,718.01
104.446243286133,29.591566085815,721.88
104.446197509766,29.591646194458,725.75
104.446151733398,29.591728210449,729.54
104.446105957031,29.591808319092,733.29
104.446067810059,29.591875076294,736.46
104.446052551270,29.591882705688,736.92
104.445968627930,29.591932296753,
104.445884704590,29.591981887817,
104.445793151855,29.592031478882,
104.445709228516,29.592081069946,
104.445625305176,29.592130661011,
104.445541381836,29.592180252075,
104.445449829102,29.592229843140,
104.445365905762,29.592279434204,
104.445281982422,29.592329025269,
104.445190429688,29.592380523682,
104.445106506348,29.592430114746,
104.445037841797,29.592470169067,
104.445022583008,29.592460632324,
104.444938659668,29.592409133911,
104.444854736328,29.592357635498,
104.444770812988,29.592304229736,
104.444686889648,29.592252731323,
104.444602966309,29.592199325562,
104.444519042969,29.592147827148,
104.444435119629,29.592096328735,
104.444351196289,29.592042922974,
104.444267272949,29.591991424561,
104.444183349609,29.591938018799,
104.444099426270,29.591886520386,717.19
104.444015502930,29.591835021973,714.79
104.443931579590,29.591781616211,712.39
104.443847656250,29.591730117798,709.98
104.443832397461,29.591722488403,709.62
104.443740844727,29.591722488403,708.34
104.443641662598,29.591722488403,706.83
104.443534851074,29.591722488403,703.60
104.443435668945,29.591720581055,699.69
104.443328857422,29.591720581055,695.77
104.443229675293,29.591720581055,691.86
104.443122863770,29.591720581055,687.95
104.443023681641,29.591720581055,684.03
104.442916870117,29.591720581055,680.03
104.442817687988,29.591720581055,676.51
104.442710876465,29.591720581055,672.44
104.442611694336,29.591720581055,668.38
104.442504882812,29.591720581055,664.31
104.442398071289,29.591718673706,660.24
104.442298889160,29.591718673706,656.18
104.442192077637,29.591718673706,652.67
104.442092895508,29.591718673706,651.46
104.441986083984,29.591718673706,650.25
104.441886901855,29.591718673706,649.05
104.441780090332,29.591718673706,647.84
104.441680908203,29.591718673706,646.63
104.441574096680,29.591718673706,645.42
104.441474914551,29.591718673706,646.85
104.441368103027,29.591716766357,648.50
104.441261291504,29.591716766357,650.14
104.441162109375,29.591716766357,651.79
104.441055297852,29.591716766357,653.44
104.440956115723,29.591716766357,655.08
104.440849304199,29.591716766357,656.73
104.440750122070,29.591716766357,658.37
104.440734863281,29.591716766357,658.55
104.440643310547,29.591726303101,660.46
104.440544128418,29.591737747192,662.60
104.440437316895,29.591747283936,664.73
104.440338134766,29.591758728027,666.87
104.440238952637,29.591770172119,669.00
104.440132141113,29.591781616211,670.73
104.440032958984,29.591791152954,670.92
104.439926147461,29.591802597046,671.12
104.439826965332,29.591814041138,671.31
104.439720153809,29.591825485229,671.51
104.439620971680,29.591835021973,671.55
104.439521789551,29.591846466064,669.66
104.439414978027,29.591857910156,667.55
104.439315795898,29.591867446899,665.45
104.439208984375,29.591878890991,663.35
104.439109802246,29.591890335083,661.25
104.439002990723,29.591901779175,
104.438903808594,29.591911315918,
104.438796997070,29.591922760010,
104.438697814941,29.591934204102,
104.438598632812,29.591945648193,
104.438491821289,29.591955184937,
104.438392639160,29.591966629028,
104.438285827637,29.591978073120,
104.438186645508,29.591989517212,
104.438079833984,29.591999053955,
104.437980651855,29.592010498047,
104.437873840332,29.592021942139,
104.437774658203,29.592031478882,
104.437675476074,29.592042922974,
104.437568664551,29.592054367065,
104.437469482422,29.592065811157,
104.437362670898,29.592075347900,
104.437263488770,29.592086791992,
104.437156677246,29.592098236084,
104.437057495117,29.592109680176,
104.436958312988,29.592119216919,
104.436851501465,29.592130661011,
104.436752319336,29.592142105103,
104.436645507812,29.592153549194,
104.436614990234,29.592155456543,
104.436614990234,29.592216491699,
104.436614990234,29.592306137085,
104.436614990234,29.592395782471,
104.436614990234,29.592485427856,
104.436614990234,29.592575073242,
104.436614990234,29.592664718628,
104.436614990234,29.592754364014,
104.436614990234,29.592844009399,
104.436614990234,29.592933654785,
104.436614990234,29.593025207520,
104.436614990234,29.593114852905,
104.436614990234,29.593204498291,
104.436614990234,29.593294143677,
104.436614990234,29.593383789062,
104.436614990234,29.593473434448,
104.436614990234,29.593563079834,
104.436614990234,29.593652725220,
104.436614990234,29.593742370605,
104.436614990234,29.593832015991,
104.436614990234,29.593921661377,
104.436614990234,29.594013214111,
104.436614990234,29.594102859497,
104.436614990234,29.594192504883,
104.436614990234,29.594282150269,
104.436614990234,29.594371795654,
104.436614990234,29.594394683838,
104.436614990234,29.594461441040,
104.436622619629,29.594551086426,
104.436622619629,29.594640731812,
104.436630249023,29.594730377197,
104.436630249023,29.594820022583,
104.436637878418,29.594909667969,
104.436637878418,29.594999313354,
104.436645507812,29.595090866089,
104.436645507812,29.595180511475,
104.436653137207,29.595270156860,
104.436653137207,29.595359802246,
104.436660766602,29.595449447632,
104.436660766602,29.595539093018,
104.436668395996,29.595628738403,
104.436668395996,29.595718383789,
104.436676025391,29.595808029175,
104.436676025391,29.595897674561,
104.436683654785,29.595987319946,
104.436683654785,29.596076965332,
104.436691284180,29.596166610718,
104.436691284180,29.596256256104,
104.436698913574,29.596345901489,
104.436698913574,29.596435546875,
104.436706542969,29.596527099609,
104.436706542969,29.596616744995,
104.436714172363,29.596706390381,
104.436714172363,29.596796035767,
104.436721801758,29.596885681152,
104.436721801758,29.596975326538,
104.436729431152,29.597064971924,
104.436729431152,29.597154617310,
104.436737060547,29.597244262695,
104.436737060547,29.597333908081,
104.436744689941,29.597423553467,
104.436744689941,29.597513198853,
104.436752319336,29.597602844238,
104.436752319336,29.597692489624,
104.436759948730,29.597782135010,
104.436759948730,29.597873687744,
104.436767578125,29.597963333130,
104.436767578125,29.598052978516,
104.436775207520,29.598142623901,
104.436775207520,29.598232269287,
104.436782836914,29.598321914673,
104.436782836914,29.598411560059,
104.436782836914,29.598424911499,
104.436790466309,29.598501205444,
104.436805725098,29.598590850830,
104.436813354492,29.598678588867,
104.436828613281,29.598768234253,
104.436836242676,29.598857879639,
104.436851501465,29.598947525024,
104.436859130859,29.599037170410,
104.436874389648,29.599124908447,
104.436882019043,29.599214553833,
104.436897277832,29.599304199219,
104.436904907227,29.599393844604,
104.436920166016,29.599483489990,
104.436927795410,29.599571228027,
104.436943054199,29.599660873413,
104.436950683594,29.599750518799,
104.436958312988,29.599767684937,
104.436973571777,29.599838256836,
104.436996459961,29.599927902222,
104.437011718750,29.600015640259,
104.437034606934,29.600103378296,
104.437057495117,29.600191116333,
104.437072753906,29.600278854370,
104.437095642090,29.600366592407,
104.437110900879,29.600456237793,
104.437133789062,29.600543975830,
104.437156677246,29.600631713867,
104.437171936035,29.600719451904,
104.437194824219,29.600807189941,
104.437217712402,29.600896835327,
104.437232971191,29.600984573364,
104.437255859375,29.601072311401,
104.437278747559,29.601160049438,
104.437294006348,29.601247787476,
104.437301635742,29.601261138916,
104.437309265137,29.601337432861,
104.437324523926,29.601425170898,
104.437339782715,29.601514816284,
104.437355041504,29.601604461670,
104.437370300293,29.601692199707,
104.437385559082,29.601781845093,
104.437400817871,29.601871490479,
104.437416076660,29.601959228516,
104.437431335449,29.602048873901,
104.437446594238,29.602136611938,
104.437461853027,29.602226257324,
104.437469482422,29.602304458618,
104.437477111816,29.602313995361,
104.437522888184,29.602396011353,
104.437561035156,29.602478027344,
104.437606811523,29.602560043335,
104.437644958496,29.602642059326,
104.437690734863,29.602724075317,
104.437736511230,29.602804183960,
104.437774658203,29.602886199951,
104.437820434570,29.602968215942,
104.437866210938,29.603050231934,
104.437904357910,29.603132247925,
104.437950134277,29.603214263916,
104.437988281250,29.603296279907,
104.438034057617,29.603376388550,
104.438079833984,29.603458404541,
104.438117980957,29.603540420532,
104.438163757324,29.603622436523,
104.438201904297,29.603704452515,
104.438247680664,29.603786468506,
104.438293457031,29.603868484497,
104.438331604004,29.603948593140,
104.438377380371,29.604030609131,
104.438415527344,29.604112625122,
104.438461303711,29.604194641113,
104.438507080078,29.604276657104,
104.438545227051,29.604358673096,
104.438568115234,29.604396820068,
104.438598632812,29.604360580444,
104.438667297363,29.604291915894,
104.438728332520,29.604221343994,
104.438796997070,29.604150772095,
104.438858032227,29.604080200195,
104.438926696777,29.604009628296,
104.438987731934,29.603939056396,
104.439048767090,29.603868484497,
104.439117431641,29.603799819946,
104.439178466797,29.603729248047,
104.439247131348,29.603658676147,
104.439308166504,29.603588104248,
104.439376831055,29.603517532349,
104.439437866211,29.603446960449,
104.439498901367,29.603376388550,
104.439567565918,29.603305816650,
104.439628601074,29.603237152100,
104.439659118652,29.603202819824,
104.439704895020,29.603172302246,
104.439781188965,29.603115081787,
104.439857482910,29.603055953979,
104.439941406250,29.602998733521,
104.440017700195,29.602939605713,
104.440093994141,29.602882385254,
104.440177917480,29.602825164795,
104.440254211426,29.602766036987,
104.440330505371,29.602708816528,
104.440345764160,29.602699279785,
104.440429687500,29.602687835693,
104.440536499023,29.602674484253,
104.440635681152,29.602663040161,
104.440734863281,29.602649688721,
104.440841674805,29.602636337280,
104.440940856934,29.602624893188,
104.441047668457,29.602611541748,
104.441146850586,29.602598190308,
104.441177368164,29.602594375610,
104.441246032715,29.602615356445,
104.441345214844,29.602647781372,
104.441436767578,29.602678298950,
104.441535949707,29.602708816528,
104.441635131836,29.602739334106,
104.441734313965,29.602771759033,
104.441825866699,29.602802276611,
104.441925048828,29.602832794189,
104.442008972168,29.602859497070,
104.442016601562,29.602870941162,
104.442085266113,29.602937698364,
104.442153930664,29.603004455566,
104.442222595215,29.603071212769,
104.442291259766,29.603137969971,
104.442359924316,29.603204727173,
104.442428588867,29.603271484375,
104.442497253418,29.603338241577,
104.442565917969,29.603404998779,
104.442642211914,29.603471755981,
104.442710876465,29.603538513184,
104.442779541016,29.603605270386,
104.442848205566,29.603672027588,
104.442916870117,29.603738784790,
104.442932128906,29.603757858276,
104.442893981934,29.603813171387,
104.442840576172,29.603889465332,
104.442787170410,29.603963851929,
104.442787170410,29.603965759277,
104.442817687988,29.604051589966,
104.442840576172,29.604139328003,
104.442863464355,29.604225158691,
104.442893981934,29.604307174683,
104.442901611328,29.604305267334,
104.443000793457,29.604282379150,
104.443099975586,29.604259490967,
104.443199157715,29.604236602783,
104.443298339844,29.604213714600,
104.443397521973,29.604192733765,
104.443496704102,29.604169845581,
104.443595886230,29.604146957397,
104.443695068359,29.604124069214,
104.443801879883,29.604101181030,
104.443901062012,29.604078292847,
104.444000244141,29.604055404663,
104.444099426270,29.604034423828,
104.444198608398,29.604011535645,
104.444297790527,29.603988647461,
104.444396972656,29.603965759277,
104.444496154785,29.603942871094,
104.444557189941,29.603929519653,
104.444595336914,29.603946685791,
104.444686889648,29.603986740112,
104.444778442383,29.604026794434,
104.444869995117,29.604068756104,
104.444961547852,29.604108810425,
104.445045471191,29.604145050049,
104.445045471191,29.604154586792,
104.445060729980,29.604244232178,
104.445083618164,29.604331970215,
104.445098876953,29.604421615601,
104.445114135742,29.604509353638,
104.445137023926,29.604598999023,
104.445152282715,29.604686737061,
104.445167541504,29.604774475098,
104.445182800293,29.604864120483,
104.445205688477,29.604951858521,
104.445220947266,29.605041503906,
104.445236206055,29.605129241943,
104.445259094238,29.605218887329,
104.445274353027,29.605306625366,
104.445289611816,29.605394363403,
104.445297241211,29.605417251587,
104.445365905762,29.605438232422,
104.445465087891,29.605466842651,
104.445564270020,29.605495452881,
104.445663452148,29.605524063110,
104.445762634277,29.605552673340,
104.445861816406,29.605581283569,
104.445953369141,29.605609893799,
104.446052551270,29.605638504028,
104.446121215820,29.605657577515,
104.446151733398,29.605661392212,
104.446258544922,29.605674743652,
104.446357727051,29.605688095093,
104.446456909180,29.605703353882,
104.446563720703,29.605716705322,
104.446662902832,29.605730056763,
104.446769714355,29.605743408203,
104.446868896484,29.605756759644,
104.446968078613,29.605770111084,
104.447074890137,29.605783462524,
104.447174072266,29.605796813965,
104.447280883789,29.605812072754,
104.447380065918,29.605825424194,
104.447479248047,29.605838775635,
104.447586059570,29.605852127075,
104.447685241699,29.605865478516,
104.447784423828,29.605878829956,
104.447868347168,29.605890274048,
104.447891235352,29.605895996094,
104.447990417480,29.605926513672,
104.448081970215,29.605955123901,
104.448181152344,29.605983734131,
104.448280334473,29.606014251709,
104.448379516602,29.606042861938,
104.448478698730,29.606071472168,
104.448570251465,29.606101989746,
104.448669433594,29.606130599976,
104.448692321777,29.606136322021,
104.448760986328,29.606174468994,
104.448852539062,29.606220245361,
104.448936462402,29.606266021729,
104.449028015137,29.606313705444,
104.449111938477,29.606359481812,
104.449203491211,29.606407165527,
104.449287414551,29.606452941895,
104.449378967285,29.606500625610,
104.449470520020,29.606546401978,
104.449554443359,29.606594085693,
104.449645996094,29.606639862061,
104.449729919434,29.606687545776,
104.449821472168,29.606733322144,
104.449905395508,29.606781005859,
104.449996948242,29.606826782227,
104.450088500977,29.606872558594,
104.450172424316,29.606920242310,
104.450263977051,29.606966018677,
104.450347900391,29.607013702393,
104.450439453125,29.607059478760,
104.450523376465,29.607107162476,
104.450614929199,29.607152938843,
104.450706481934,29.607200622559,
104.450790405273,29.607246398926,
104.450881958008,29.607294082642,
104.450950622559,29.607328414917,
104.450965881348,29.607341766357,
104.451049804688,29.607393264771,
104.451133728027,29.607444763184,
104.451217651367,29.607496261597,
104.451309204102,29.607547760010,
104.451393127441,29.607599258423,
104.451477050781,29.607650756836,
104.451560974121,29.607702255249,
104.451644897461,29.607753753662,
104.451728820801,29.607807159424,
104.451812744141,29.607858657837,
104.451896667480,29.607910156250,
104.451980590820,29.607961654663,
104.452064514160,29.608013153076,
104.452148437500,29.608064651489,
104.452232360840,29.608116149902,
104.452316284180,29.608167648315,
104.452407836914,29.608219146729,
104.452491760254,29.608270645142,
104.452575683594,29.608322143555,
104.452659606934,29.608375549316,
104.452743530273,29.608427047729,
104.452827453613,29.608478546143,
104.452911376953,29.608530044556,
104.452995300293,29.608581542969,
104.453079223633,29.608633041382,
104.453163146973,29.608684539795,
104.453247070312,29.608736038208,
104.453330993652,29.608787536621,
104.453414916992,29.608839035034,
104.453506469727,29.608892440796,
104.453590393066,29.608943939209,
104.453674316406,29.608995437622,
104.453758239746,29.609046936035,
104.453842163086,29.609098434448,
104.453926086426,29.609149932861,
104.454010009766,29.609201431274,
104.454093933105,29.609252929688,
104.454177856445,29.609304428101,
104.454261779785,29.609355926514,
104.454345703125,29.609409332275,
104.454429626465,29.609460830688,
104.454513549805,29.609512329102,
104.454605102539,29.609563827515,
104.454689025879,29.609615325928,
104.454772949219,29.609666824341,
104.454856872559,29.609718322754,
104.454940795898,29.609769821167,
104.455024719238,29.609821319580,
104.455108642578,29.609872817993,
104.455192565918,29.609924316406,
104.455276489258,29.609977722168,
104.455360412598,29.610029220581,
104.455444335938,29.610080718994,
104.455528259277,29.610132217407,
104.455612182617,29.610183715820,
104.455703735352,29.610235214233,
104.455787658691,29.610286712646,
104.455871582031,29.610338211060,
104.455955505371,29.610389709473,
104.455986022949,29.610408782959,
104.456047058105,29.610425949097,
104.456146240234,29.610454559326,
104.456245422363,29.610483169556,
104.456344604492,29.610511779785,
104.456436157227,29.610538482666,
104.456535339355,29.610567092896,
104.456634521484,29.610595703125,
104.456733703613,29.610624313354,
104.456809997559,29.610645294189,
104.456832885742,29.610647201538,
104.456932067871,29.610658645630,
104.457038879395,29.610670089722,
104.457138061523,29.610681533813,
104.457244873047,29.610692977905,
104.457344055176,29.610704421997,
104.457450866699,29.610715866089,
104.457550048828,29.610727310181,
104.457656860352,29.610738754272,
104.457756042480,29.610750198364,
104.457855224609,29.610761642456,
104.457962036133,29.610771179199,
104.458061218262,29.610782623291,
104.458168029785,29.610794067383,
104.458267211914,29.610805511475,
104.458374023438,29.610816955566,
104.458473205566,29.610828399658,
104.458572387695,29.610839843750,
104.458679199219,29.610851287842,
104.458778381348,29.610862731934,
104.458885192871,29.610874176025,
104.458984375000,29.610885620117,
104.459091186523,29.610897064209,
104.459190368652,29.610906600952,
104.459289550781,29.610918045044,
104.459396362305,29.610929489136,
104.459495544434,29.610940933228,
104.459602355957,29.610952377319,
104.459701538086,29.610963821411,
104.459808349609,29.610975265503,
104.459907531738,29.610986709595,
104.460014343262,29.610998153687,
104.460113525391,29.611009597778,
104.460212707520,29.611021041870,
104.460296630859,29.611028671265,
104.460319519043,29.611034393311,
104.460418701172,29.611059188843,
104.460517883301,29.611083984375,
104.460617065430,29.611108779907,
104.460716247559,29.611133575439,
104.460815429688,29.611156463623,
104.460914611816,29.611181259155,
104.461013793945,29.611206054688,
104.461112976074,29.611230850220,
104.461212158203,29.611255645752,
104.461311340332,29.611280441284,
104.461410522461,29.611305236816,
104.461509704590,29.611330032349,
104.461608886719,29.611354827881,
104.461708068848,29.611377716064,
104.461807250977,29.611402511597,
104.461906433105,29.611427307129,
104.462005615234,29.611452102661,
104.462104797363,29.611476898193,
104.462203979492,29.611501693726,
104.462303161621,29.611526489258,
104.462402343750,29.611551284790,
104.462501525879,29.611576080322,
104.462600708008,29.611600875854,
104.462699890137,29.611623764038,
104.462799072266,29.611648559570,
104.462821960449,29.611654281616,
104.462905883789,29.611656188965,
104.463005065918,29.611658096313,
104.463111877441,29.611661911011,
104.463211059570,29.611663818359,
104.463317871094,29.611665725708,
104.463424682617,29.611669540405,
104.463523864746,29.611671447754,
104.463630676270,29.611673355103,
104.463729858398,29.611677169800,
104.463836669922,29.611679077148,
104.463935852051,29.611680984497,
104.464042663574,29.611684799194,
104.464141845703,29.611686706543,
104.464248657227,29.611688613892,
104.464347839355,29.611690521240,
104.464454650879,29.611694335938,
104.464553833008,29.611696243286,
104.464660644531,29.611698150635,
104.464767456055,29.611701965332,
104.464866638184,29.611703872681,
104.464973449707,29.611705780029,
104.465072631836,29.611709594727,
104.465179443359,29.611711502075,
104.465278625488,29.611713409424,
104.465385437012,29.611717224121,
104.465484619141,29.611719131470,
104.465591430664,29.611721038818,
104.465690612793,29.611722946167,
104.465797424316,29.611726760864,
104.465896606445,29.611728668213,
104.466003417969,29.611730575562,
104.466110229492,29.611734390259,
104.466209411621,29.611736297607,
104.466316223145,29.611738204956,
104.466339111328,29.611740112305,
104.466415405273,29.611753463745,
104.466514587402,29.611770629883,
104.466613769531,29.611789703369,
104.466720581055,29.611806869507,
104.466819763184,29.611824035645,
104.466918945312,29.611843109131,
104.467025756836,29.611860275269,
104.467124938965,29.611879348755,
104.467224121094,29.611896514893,
104.467323303223,29.611915588379,
104.467430114746,29.611932754517,
104.467529296875,29.611949920654,
104.467628479004,29.611968994141,
104.467727661133,29.611986160278,
104.467834472656,29.612005233765,
104.467933654785,29.612022399902,
104.468032836914,29.612041473389,
104.468055725098,29.612045288086,
104.468139648438,29.612045288086,
104.468238830566,29.612043380737,
104.468345642090,29.612043380737,
104.468444824219,29.612041473389,
104.468551635742,29.612041473389,
104.468650817871,29.612041473389,
104.468757629395,29.612039566040,
104.468864440918,29.612039566040,
104.468933105469,29.612039566040,
104.468963623047,29.612033843994,
104.469062805176,29.612010955811,
104.469161987305,29.611989974976,
104.469261169434,29.611967086792,
104.469360351562,29.611946105957,
104.469467163086,29.611923217773,
104.469566345215,29.611902236938,
104.469665527344,29.611879348755,
104.469764709473,29.611856460571,
104.469787597656,29.611852645874,
104.469863891602,29.611864089966,
104.469970703125,29.611881256104,
104.470069885254,29.611896514893,
104.470169067383,29.611911773682,
104.470275878906,29.611927032471,
104.470375061035,29.611942291260,
104.470474243164,29.611957550049,
104.470581054688,29.611974716187,
104.470680236816,29.611989974976,
104.470687866211,29.611991882324,
104.470779418945,29.611978530884,
104.470886230469,29.611965179443,
104.470985412598,29.611951828003,
104.471092224121,29.611936569214,
104.471191406250,29.611923217773,
104.471290588379,29.611909866333,
104.471397399902,29.611896514893,
104.471496582031,29.611883163452,
104.471527099609,29.611877441406,
104.471580505371,29.611833572388,
104.471649169922,29.611768722534,
104.471717834473,29.611703872681,
104.471794128418,29.611637115479,
104.471862792969,29.611572265625,
104.471931457520,29.611507415771,
104.472000122070,29.611442565918,
104.472076416016,29.611375808716,
104.472122192383,29.611331939697,
104.472137451172,29.611305236816,
104.472175598145,29.611223220825,
104.472221374512,29.611141204834,
104.472259521484,29.611059188843,
104.472305297852,29.610977172852,
104.472343444824,29.610895156860,
104.472389221191,29.610813140869,
104.472427368164,29.610731124878,
104.472473144531,29.610649108887,
104.472518920898,29.610567092896,
104.472557067871,29.610485076904,
104.472602844238,29.610403060913,
104.472640991211,29.610321044922,
104.472686767578,29.610239028931,
104.472724914551,29.610157012939,
104.472770690918,29.610074996948,
104.472808837891,29.609992980957,
104.472854614258,29.609910964966,
104.472892761230,29.609830856323,
104.472938537598,29.609748840332,
104.472976684570,29.609666824341,
104.473022460938,29.609584808350,
104.473068237305,29.609502792358,
104.473106384277,29.609420776367,
104.473152160645,29.609338760376,
104.473190307617,29.609256744385,
104.473236083984,29.609174728394,
104.473274230957,29.609092712402,
104.473320007324,29.609010696411,
104.473358154297,29.608928680420,
104.473403930664,29.608846664429,
104.473442077637,29.608764648438,
104.473487854004,29.608682632446,
104.473533630371,29.608600616455,
104.473571777344,29.608520507812,
104.473571777344,29.608518600464,
104.473632812500,29.608444213867,
104.473686218262,29.608369827271,
104.473747253418,29.608295440674,
104.473808288574,29.608221054077,
104.473861694336,29.608146667480,
104.473922729492,29.608072280884,
104.473983764648,29.607999801636,
104.474037170410,29.607925415039,
104.474060058594,29.607900619507,
104.474113464355,29.607866287231,
104.474197387695,29.607812881470,
104.474281311035,29.607761383057,
104.474365234375,29.607709884644,
104.474449157715,29.607658386230,
104.474533081055,29.607606887817,
104.474617004395,29.607555389404,
104.474708557129,29.607503890991,
104.474784851074,29.607454299927,
104.474792480469,29.607452392578,
104.474884033203,29.607412338257,
104.474975585938,29.607374191284,
104.475067138672,29.607334136963,
104.475158691406,29.607295989990,
104.475257873535,29.607255935669,
104.475349426270,29.607217788696,
104.475440979004,29.607177734375,
104.475532531738,29.607139587402,
104.475578308105,29.607122421265,
104.475631713867,29.607107162476,
104.475730895996,29.607080459595,
104.475830078125,29.607051849365,
104.475929260254,29.607025146484,
104.476020812988,29.606998443604,
104.476119995117,29.606971740723,
104.476219177246,29.606945037842,
104.476318359375,29.606916427612,
104.476417541504,29.606889724731,
104.476516723633,29.606863021851,
104.476615905762,29.606836318970,
104.476715087891,29.606809616089,
104.476814270020,29.606781005859,
104.476913452148,29.606754302979,
104.477012634277,29.606727600098,
104.477104187012,29.606700897217,
104.477203369141,29.606674194336,
104.477302551270,29.606645584106,
104.477401733398,29.606618881226,
104.477500915527,29.606592178345,
104.477600097656,29.606565475464,
104.477699279785,29.606536865234,
104.477798461914,29.606510162354,
104.477897644043,29.606483459473,
104.477996826172,29.606456756592,
104.478096008301,29.606430053711,
104.478096008301,29.606430053711,
104.478195190430,29.606410980225,
104.478294372559,29.606391906738,
104.478393554688,29.606372833252,
104.478500366211,29.606353759766,
104.478599548340,29.606334686279,
104.478698730469,29.606315612793,
104.478797912598,29.606296539307,
104.478897094727,29.606277465820,
104.478942871094,29.606267929077,
104.479003906250,29.606264114380,
104.479103088379,29.606254577637,
104.479209899902,29.606246948242,
104.479309082031,29.606239318848,
104.479415893555,29.606229782104,
104.479515075684,29.606222152710,
104.479621887207,29.606212615967,
104.479721069336,29.606204986572,
104.479827880859,29.606195449829,
104.479927062988,29.606187820435,
104.480033874512,29.606178283691,
104.480133056641,29.606170654297,
104.480239868164,29.606161117554,
104.480339050293,29.606153488159,
104.480445861816,29.606145858765,
104.480545043945,29.606136322021,
104.480651855469,29.606128692627,
104.480697631836,29.606122970581,
104.480751037598,29.606113433838,
104.480850219727,29.606092453003,
104.480949401855,29.606069564819,
104.481048583984,29.606048583984,
104.481147766113,29.606027603149,
104.481254577637,29.606006622314,
104.481353759766,29.605985641479,
104.481452941895,29.605964660645,
104.481552124023,29.605941772461,
104.481651306152,29.605920791626,
104.481750488281,29.605899810791,
104.481857299805,29.605878829956,
104.481956481934,29.605857849121,
104.482055664062,29.605836868286,
104.482154846191,29.605813980103,
104.482254028320,29.605792999268,
104.482353210449,29.605772018433,
104.482406616211,29.605760574341,
104.482452392578,29.605743408203,
104.482551574707,29.605707168579,
104.482643127441,29.605670928955,
104.482734680176,29.605634689331,
104.482833862305,29.605598449707,
104.482925415039,29.605562210083,
104.483016967773,29.605525970459,
104.483116149902,29.605489730835,
104.483207702637,29.605453491211,
104.483306884766,29.605417251587,
104.483398437500,29.605381011963,
104.483489990234,29.605342864990,
104.483589172363,29.605306625366,
104.483680725098,29.605270385742,
104.483779907227,29.605234146118,
104.483871459961,29.605197906494,
104.483963012695,29.605161666870,
104.484062194824,29.605125427246,
104.484153747559,29.605089187622,
104.484245300293,29.605052947998,
104.484344482422,29.605016708374,
104.484436035156,29.604980468750,
104.484535217285,29.604944229126,
104.484626770020,29.604907989502,
104.484718322754,29.604871749878,
104.484817504883,29.604835510254,
104.484909057617,29.604799270630,
104.485008239746,29.604761123657,
104.485099792480,29.604724884033,
104.485191345215,29.604688644409,
104.485290527344,29.604652404785,
104.485382080078,29.604616165161,
104.485473632812,29.604579925537,
104.485572814941,29.604543685913,
104.485610961914,29.604528427124,
104.485656738281,29.604499816895,
104.485748291016,29.604448318481,
104.485832214355,29.604396820068,
104.485916137695,29.604345321655,
104.486000061035,29.604293823242,
104.486083984375,29.604242324829,
104.486167907715,29.604190826416,
104.486251831055,29.604139328003,
104.486335754395,29.604087829590,
104.486343383789,29.604087829590,
104.486412048340,29.604024887085,
104.486480712891,29.603960037231,
104.486557006836,29.603895187378,
104.486625671387,29.603830337524,
104.486694335938,29.603765487671,
104.486770629883,29.603700637817,
104.486839294434,29.603635787964,
104.486915588379,29.603572845459,
104.486946105957,29.603540420532,
104.486968994141,29.603498458862,
104.487014770508,29.603416442871,
104.487052917480,29.603334426880,
104.487098693848,29.603252410889,
104.487136840820,29.603170394897,
104.487182617188,29.603088378906,
104.487228393555,29.603006362915,
104.487266540527,29.602924346924,
104.487312316895,29.602844238281,
104.487312316895,29.602838516235,
104.487342834473,29.602758407593,
104.487373352051,29.602670669556,
104.487396240234,29.602584838867,
104.487426757812,29.602499008179,
104.487457275391,29.602413177490,
104.487487792969,29.602327346802,
104.487518310547,29.602241516113,
104.487548828125,29.602155685425,
104.487564086914,29.602104187012,
104.487579345703,29.602067947388,
104.487602233887,29.601982116699,
104.487632751465,29.601896286011,
104.487663269043,29.601810455322,
104.487693786621,29.601724624634,
104.487724304199,29.601638793945,
104.487754821777,29.601552963257,
104.487785339355,29.601465225220,
104.487808227539,29.601379394531,
104.487838745117,29.601293563843,
104.487869262695,29.601207733154,
104.487899780273,29.601121902466,
104.487930297852,29.601036071777,
104.487960815430,29.600950241089,
104.487991333008,29.600862503052,
104.488014221191,29.600776672363,
104.488044738770,29.600690841675,
104.488067626953,29.600631713867,
104.488090515137,29.600608825684,
104.488151550293,29.600538253784,
104.488212585449,29.600465774536,
104.488273620605,29.600395202637,
104.488334655762,29.600324630737,
104.488403320312,29.600252151489,
104.488464355469,29.600181579590,
104.488525390625,29.600109100342,
104.488586425781,29.600038528442,
104.488655090332,29.599967956543,
104.488716125488,29.599895477295,
104.488777160645,29.599824905396,
104.488838195801,29.599752426147,
104.488899230957,29.599681854248,
104.488967895508,29.599609375000,
104.489028930664,29.599538803101,
104.489089965820,29.599468231201,
104.489128112793,29.599426269531,
104.489151000977,29.599391937256,
104.489196777344,29.599313735962,
104.489242553711,29.599233627319,
104.489295959473,29.599155426025,
104.489341735840,29.599075317383,
104.489387512207,29.598995208740,
104.489433288574,29.598917007446,
104.489486694336,29.598836898804,
104.489532470703,29.598756790161,
104.489578247070,29.598678588867,
104.489631652832,29.598598480225,
104.489677429199,29.598518371582,
104.489723205566,29.598440170288,
104.489776611328,29.598360061646,
104.489822387695,29.598279953003,
104.489868164062,29.598201751709,
104.489921569824,29.598121643066,
104.489952087402,29.598068237305,
104.489967346191,29.598041534424,
104.490013122559,29.597961425781,
104.490051269531,29.597879409790,
104.490097045898,29.597797393799,
104.490142822266,29.597715377808,
104.490188598633,29.597635269165,
104.490226745605,29.597553253174,
104.490272521973,29.597471237183,
104.490318298340,29.597391128540,
104.490325927734,29.597373962402,
104.490348815918,29.597305297852,
104.490379333496,29.597219467163,
104.490402221680,29.597133636475,
104.490432739258,29.597045898438,
104.490463256836,29.596960067749,
104.490493774414,29.596874237061,
104.490524291992,29.596788406372,
104.490547180176,29.596702575684,
104.490577697754,29.596614837646,
104.490608215332,29.596529006958,
104.490638732910,29.596443176270,
104.490669250488,29.596357345581,
104.490692138672,29.596269607544,
104.490722656250,29.596183776855,
104.490753173828,29.596097946167,
104.490783691406,29.596012115479,
104.490806579590,29.595926284790,
104.490821838379,29.595895767212,
104.490821838379,29.595836639404,
104.490821838379,29.595746994019,
104.490821838379,29.595657348633,
104.490821838379,29.595567703247,
104.490821838379,29.595478057861,
104.490821838379,29.595388412476,
104.490821838379,29.595296859741,
104.490821838379,29.595207214355,
104.490821838379,29.595117568970,
104.490821838379,29.595027923584,
104.490821838379,29.594938278198,
104.490821838379,29.594848632812,
104.490821838379,29.594758987427,
104.490821838379,29.594669342041,
104.490821838379,29.594579696655,
104.490821838379,29.594490051270,
104.490821838379,29.594398498535,
104.490829467773,29.594308853149,
104.490829467773,29.594219207764,
104.490829467773,29.594129562378,
104.490829467773,29.594039916992,
104.490829467773,29.593950271606,
104.490829467773,29.593860626221,
104.490829467773,29.593770980835,
104.490829467773,29.593681335449,
104.490829467773,29.593595504761,
104.490829467773,29.593591690063,
104.490814208984,29.593502044678,
104.490798950195,29.593412399292,
104.490783691406,29.593324661255,
104.490768432617,29.593235015869,
104.490753173828,29.593147277832,
104.490737915039,29.593057632446,
104.490722656250,29.592967987061,
104.490707397461,29.592880249023,
104.490692138672,29.592790603638,
104.490676879883,29.592702865601,
104.490661621094,29.592613220215,
104.490646362305,29.592523574829,
104.490631103516,29.592435836792,
104.490615844727,29.592346191406,
104.490600585938,29.592258453369,
104.490592956543,29.592168807983,
104.490577697754,29.592079162598,
104.490562438965,29.591991424561,
104.490547180176,29.591901779175,
104.490531921387,29.591814041138,729.97
104.490516662598,29.591724395752,730.62
104.490501403809,29.591634750366,730.92
104.490486145020,29.591547012329,730.79
104.490470886230,29.591457366943,730.66
104.490455627441,29.591369628906,730.53
104.490447998047,29.591321945190,730.46
104.490447998047,29.591279983521,730.48
104.490455627441,29.591190338135,730.52
104.490455627441,29.591100692749,730.76
104.490463256836,29.591011047363,731.08
104.490470886230,29.590921401978,731.20
104.490470886230,29.590831756592,731.26
104.490478515625,29.590742111206,731.32
104.490486145020,29.590650558472,731.38
104.490486145020,29.590560913086,731.44
104.490493774414,29.590555191040,731.44
104.490501403809,29.590473175049,730.99
104.490516662598,29.590383529663,729.96
104.490531921387,29.590293884277,729.05
104.490539550781,29.590206146240,729.70
104.490554809570,29.590116500854,730.35
104.490570068359,29.590026855469,731.00
104.490577697754,29.589937210083,731.65
104.490592956543,29.589849472046,731.24
104.490608215332,29.589759826660,730.55
104.490623474121,29.589670181274,729.86
104.490631103516,29.589582443237,729.31
104.490646362305,29.589492797852,729.01
104.490661621094,29.589403152466,728.71
104.490676879883,29.589313507080,728.40
104.490684509277,29.589225769043,728.10
104.490699768066,29.589136123657,728.33
104.490715026855,29.589046478271,728.72
104.490715026855,29.589031219482,728.79
104.490753173828,29.588966369629,728.38
104.490806579590,29.588888168335,726.69
104.490852355957,29.588808059692,724.28
104.490905761719,29.588729858398,723.39
104.490951538086,29.588649749756,722.50
104.491004943848,29.588571548462,721.77
104.491050720215,29.588493347168,721.09
104.491104125977,29.588413238525,720.42
104.491149902344,29.588335037231,719.74
104.491203308105,29.588254928589,719.06
104.491249084473,29.588176727295,718.39
104.491294860840,29.588098526001,719.11
104.491348266602,29.588018417358,720.50
104.491394042969,29.587940216064,721.05
104.491447448730,29.587860107422,720.01
104.491493225098,29.587781906128,718.98
104.491546630859,29.587703704834,717.94
104.491592407227,29.587623596191,716.91
104.491607666016,29.587596893311,716.56
104.491607666016,29.587537765503,716.45
104.491607666016,29.587448120117,717.04
104.491607666016,29.587358474731,716.91
104.491607666016,29.587268829346,716.78
104.491607666016,29.587179183960,716.65
104.491607666016,29.587089538574,716.52
104.491607666016,29.586997985840,716.39
104.491607666016,29.586908340454,716.26
104.491607666016,29.586818695068,715.72
104.491607666016,29.586729049683,715.20
104.491607666016,29.586639404297,714.68
104.491607666016,29.586549758911,714.15
104.491607666016,29.586460113525,713.63
104.491607666016,29.586370468140,713.11
104.491607666016,29.586280822754,712.58
104.491607666016,29.586244583130,712.38
104.491584777832,29.586196899414,712.75
104.491539001465,29.586114883423,712.21
104.491485595703,29.586034774780,711.42
104.491439819336,29.585954666138,710.98
104.491394042969,29.585874557495,710.93
104.491348266602,29.585794448853,710.88
104.491302490234,29.585714340210,710.83
104.491256713867,29.585634231567,710.78
104.491210937500,29.585554122925,710.73
104.491165161133,29.585474014282,710.68
104.491119384766,29.585393905640,710.63
104.491088867188,29.585340499878,710.60
104.491065979004,29.585317611694,710.60
104.490989685059,29.585254669189,710.61
104.490921020508,29.585189819336,710.70
104.490844726562,29.585126876831,710.82
104.490776062012,29.585062026978,710.93
104.490699768066,29.584999084473,710.68
104.490631103516,29.584934234619,709.97
104.490554809570,29.584871292114,709.26
104.490486145020,29.584806442261,708.55
104.490409851074,29.584743499756,707.84
104.490341186523,29.584678649902,707.13
104.490318298340,29.584661483765,706.93
104.490318298340,29.584596633911,707.49
104.490318298340,29.584506988525,708.27
104.490318298340,29.584436416626,708.89
104.490295410156,29.584436416626,708.52
104.490188598633,29.584434509277,706.73
104.490089416504,29.584432601929,704.93
104.490058898926,29.584432601929,704.36
104.490005493164,29.584390640259,703.87
104.489929199219,29.584325790405,703.14
104.489860534668,29.584262847900,702.42
104.489791870117,29.584207534790,701.78
104.489784240723,29.584201812744,701.64
104.489692687988,29.584156036377,700.50
104.489608764648,29.584108352661,699.52
104.489517211914,29.584062576294,699.24
104.489433288574,29.584016799927,699.38
104.489341735840,29.583969116211,699.52
104.489250183105,29.583923339844,699.66
104.489166259766,29.583877563477,699.80
104.489074707031,29.583831787109,699.94
104.488990783691,29.583784103394,700.08
104.488899230957,29.583738327026,700.14
104.488807678223,29.583692550659,699.25
104.488723754883,29.583644866943,698.36
104.488632202148,29.583599090576,697.47
104.488548278809,29.583553314209,696.58
104.488510131836,29.583534240723,696.23
104.488464355469,29.583501815796,695.76
104.488380432129,29.583448410034,695.00
104.488296508789,29.583393096924,695.26
104.488212585449,29.583339691162,695.84
104.488128662109,29.583284378052,696.42
104.488052368164,29.583230972290,696.99
104.487968444824,29.583177566528,697.57
104.487884521484,29.583122253418,698.91
104.487800598145,29.583068847656,700.39
104.487716674805,29.583013534546,701.87
104.487640380859,29.582960128784,703.35
104.487556457520,29.582906723022,704.84
104.487480163574,29.582855224609,704.67
104.487472534180,29.582851409912,704.62
104.487396240234,29.582788467407,703.88
104.487327575684,29.582725524902,703.15
104.487251281738,29.582662582397,702.41
104.487174987793,29.582599639893,701.68
104.487106323242,29.582534790039,700.95
104.487030029297,29.582471847534,700.25
104.486961364746,29.582408905029,699.55
104.486885070801,29.582345962524,698.85
104.486808776855,29.582283020020,698.16
104.486740112305,29.582220077515,697.46
104.486694335938,29.582185745239,697.07
104.486679077148,29.582149505615,696.88
104.486633300781,29.582069396973,696.45
104.486587524414,29.581987380981,696.02
104.486541748047,29.581907272339,695.59
104.486495971680,29.581827163696,695.16
104.486450195312,29.581745147705,694.73
104.486404418945,29.581665039062,694.30
104.486358642578,29.581584930420,693.87
104.486312866211,29.581504821777,694.14
104.486267089844,29.581422805786,694.64
104.486221313477,29.581342697144,694.23
104.486175537109,29.581262588501,693.81
104.486129760742,29.581180572510,693.88
104.486083984375,29.581100463867,694.22
104.486038208008,29.581020355225,694.57
104.485992431641,29.580938339233,694.91
104.485946655273,29.580858230591,695.26
104.485931396484,29.580829620361,695.38
104.485931396484,29.580772399902,696.05
104.485931396484,29.580682754517,697.03
104.485931396484,29.580593109131,697.16
104.485931396484,29.580501556396,697.29
104.485931396484,29.580411911011,697.56
104.485931396484,29.580322265625,697.95
104.485931396484,29.580232620239,698.35
104.485931396484,29.580142974854,698.74
104.485931396484,29.580053329468,699.13
104.485931396484,29.579963684082,698.79
104.485931396484,29.579874038696,697.48
104.485931396484,29.579784393311,696.17
104.485931396484,29.579694747925,694.75
104.485931396484,29.579603195190,693.31
104.485931396484,29.579513549805,691.87
104.485931396484,29.579475402832,691.23
104.485916137695,29.579425811768,690.25
104.485893249512,29.579338073730,688.49
104.485870361328,29.579252243042,687.47
104.485839843750,29.579164505005,686.72
104.485816955566,29.579076766968,685.98
104.485794067383,29.578990936279,685.23
104.485771179199,29.578903198242,684.54
104.485740661621,29.578815460205,683.98
104.485717773438,29.578729629517,683.41
104.485694885254,29.578641891479,682.85
104.485671997070,29.578571319580,682.39
104.485671997070,29.578554153442,682.37
104.485671997070,29.578464508057,682.24
104.485671997070,29.578374862671,682.10
104.485671997070,29.578285217285,682.43
104.485671997070,29.578195571899,683.04
104.485671997070,29.578104019165,683.65
104.485671997070,29.578014373779,684.25
104.485671997070,29.577924728394,684.86
104.485671997070,29.577835083008,685.47
104.485671997070,29.577745437622,686.08
104.485671997070,29.577655792236,685.97
104.485671997070,29.577566146851,685.83
104.485671997070,29.577476501465,685.70
104.485671997070,29.577386856079,685.57
104.485671997070,29.577297210693,685.44
104.485671997070,29.577205657959,685.23
104.485671997070,29.577116012573,684.97
104.485671997070,29.577026367188,684.71
104.485671997070,29.576936721802,684.44
104.485671997070,29.576847076416,684.18
104.485671997070,29.576757431030,683.80
104.485671997070,29.576667785645,682.43
104.485671997070,29.576578140259,681.05
104.485671997070,29.576488494873,679.68
104.485671997070,29.576398849487,678.30
104.485671997070,29.576307296753,677.52
104.485671997070,29.576217651367,676.99
104.485671997070,29.576128005981,676.47
104.485671997070,29.576038360596,675.95
104.485671997070,29.575948715210,675.42
104.485671997070,29.575859069824,674.93
104.485671997070,29.575769424438,674.54
104.485671997070,29.575679779053,674.14
104.485671997070,29.575590133667,673.75
104.485671997070,29.575500488281,673.36
104.485671997070,29.575408935547,672.96
104.485671997070,29.575319290161,672.04
104.485671997070,29.575229644775,670.99
104.485671997070,29.575139999390,670.27
104.485671997070,29.575050354004,669.74
104.485671997070,29.574960708618,669.22
104.485671997070,29.574871063232,668.70
104.485671997070,29.574781417847,668.17
104.485671997070,29.574691772461,667.71
104.485671997070,29.574602127075,667.58
104.485671997070,29.574512481689,667.45
104.485671997070,29.574510574341,667.45
104.485694885254,29.574424743652,667.80
104.485725402832,29.574338912964,668.15
104.485755920410,29.574251174927,667.07
104.485778808594,29.574165344238,665.84
104.485809326172,29.574077606201,664.62
104.485832214355,29.573991775513,663.39
104.485862731934,29.573905944824,662.16
104.485893249512,29.573818206787,660.94
104.485916137695,29.573732376099,659.71
104.485946655273,29.573644638062,658.48
104.485969543457,29.573558807373,657.26
104.486000061035,29.573472976685,656.03
104.486030578613,29.573385238647,654.81
104.486053466797,29.573299407959,653.58
104.486083984375,29.573211669922,652.37
104.486106872559,29.573125839233,652.21
104.486137390137,29.573040008545,651.75
104.486167907715,29.572952270508,650.98
104.486190795898,29.572866439819,650.82
104.486221313477,29.572778701782,650.66
104.486244201660,29.572692871094,650.50
104.486274719238,29.572607040405,650.34
104.486305236816,29.572519302368,650.18
104.486328125000,29.572433471680,650.31
104.486358642578,29.572345733643,651.79
104.486381530762,29.572259902954,653.27
104.486412048340,29.572174072266,654.75
104.486442565918,29.572086334229,656.23
104.486465454102,29.572000503540,656.23
104.486495971680,29.571912765503,655.21
104.486518859863,29.571826934814,654.20
104.486549377441,29.571741104126,653.19
104.486572265625,29.571653366089,652.18
104.486602783203,29.571567535400,651.17
104.486633300781,29.571479797363,650.16
104.486656188965,29.571393966675,649.15
104.486686706543,29.571308135986,648.13
104.486709594727,29.571220397949,647.12
104.486740112305,29.571134567261,646.77
104.486770629883,29.571046829224,645.41
104.486793518066,29.570960998535,643.51
104.486824035645,29.570873260498,642.16
104.486846923828,29.570787429810,640.86
104.486877441406,29.570701599121,639.91
104.486907958984,29.570613861084,638.96
104.486930847168,29.570528030396,638.01
104.486953735352,29.570457458496,637.23
104.486961364746,29.570442199707,637.03
104.487007141113,29.570362091064,635.90
104.487060546875,29.570281982422,634.77
104.487106323242,29.570201873779,633.65
104.487152099609,29.570121765137,632.52
104.487174987793,29.570083618164,631.98
104.487136840820,29.570049285889,632.16
104.487068176270,29.569984436035,632.51
104.486991882324,29.569919586182,632.87
104.486923217773,29.569854736328,633.22
104.486854553223,29.569787979126,633.57
104.486778259277,29.569723129272,634.88
104.486709594727,29.569658279419,638.26
104.486640930176,29.569593429565,642.59
104.486564636230,29.569528579712,646.92
104.486495971680,29.569461822510,651.25
104.486427307129,29.569396972656,655.58
104.486396789551,29.569374084473,657.17
104.486343383789,29.569347381592,659.69
104.486251831055,29.569305419922,663.67
104.486160278320,29.569263458252,667.65
104.486068725586,29.569221496582,671.63
104.485977172852,29.569179534912,675.46
104.485885620117,29.569137573242,678.47
104.485794067383,29.569095611572,681.48
104.485702514648,29.569053649902,684.49
104.485626220703,29.569019317627,686.96
104.485610961914,29.569015502930,687.43
104.485511779785,29.568990707397,690.93
104.485412597656,29.568965911865,693.01
104.485313415527,29.568939208984,694.55
104.485214233398,29.568914413452,697.11
104.485115051270,29.568889617920,699.68
104.485015869141,29.568862915039,702.25
104.484916687012,29.568838119507,704.81
104.484817504883,29.568813323975,707.38
104.484718322754,29.568788528442,709.95
104.484619140625,29.568761825562,712.52
104.484519958496,29.568737030029,715.08
104.484420776367,29.568712234497,717.65
104.484321594238,29.568685531616,720.22
104.484222412109,29.568660736084,722.78
104.484123229980,29.568635940552,725.35
104.484024047852,29.568611145020,727.92
104.483924865723,29.568584442139,730.49
104.483825683594,29.568559646606,733.05
104.483726501465,29.568534851074,735.62
104.483627319336,29.568508148193,738.19
104.483528137207,29.568483352661,740.76
104.483428955078,29.568458557129,743.32
104.483329772949,29.568433761597,745.89
104.483230590820,29.568407058716,748.46
104.483131408691,29.568382263184,751.02
104.483032226562,29.568357467651,753.59
104.482933044434,29.568330764771,756.16
104.482833862305,29.568305969238,759.71
104.482734680176,29.568281173706,763.39
104.482635498047,29.568256378174,767.35
104.482536315918,29.568229675293,772.26
104.482437133789,29.568204879761,777.17
104.482337951660,29.568180084229,782.08
104.482238769531,29.568153381348,786.99
104.482139587402,29.568128585815,791.90
104.482040405273,29.568103790283,796.81
104.481941223145,29.568078994751,801.72
104.481842041016,29.568052291870,806.63
104.481742858887,29.568027496338,811.54
104.481643676758,29.568002700806,815.56
104.481544494629,29.567977905273,817.30
104.481445312500,29.567951202393,819.03
104.481391906738,29.567937850952,820.03
104.481353759766,29.567920684814,820.77
104.481262207031,29.567880630493,821.51
104.481163024902,29.567840576172,822.24
104.481071472168,29.567800521851,822.98
104.480979919434,29.567760467529,823.71
104.480888366699,29.567720413208,824.45
104.480796813965,29.567680358887,825.18
104.480705261230,29.567640304565,825.88
104.480613708496,29.567600250244,825.08
104.480606079102,29.567600250244,825.06
104.480545043945,29.567531585693,824.04
104.480484008789,29.567461013794,823.00
104.480415344238,29.567392349243,821.97
104.480354309082,29.567321777344,820.90
104.480285644531,29.567251205444,819.82
104.480216979980,29.567182540894,818.75
104.480155944824,29.567111968994,817.67
104.480087280273,29.567041397095,816.60
104.480064392090,29.567012786865,816.14
104.480056762695,29.566961288452,815.74
104.480056762695,29.566871643066,814.18
104.480049133301,29.566781997681,812.57
104.480049133301,29.566692352295,810.96
104.480041503906,29.566602706909,809.35
104.480033874512,29.566513061523,807.73
104.480033874512,29.566423416138,806.12
104.480026245117,29.566333770752,804.51
104.480018615723,29.566242218018,802.80
104.480018615723,29.566217422485,802.31
104.480049133301,29.566160202026,801.45
104.480094909668,29.566078186035,800.24
104.480140686035,29.565998077393,799.04
104.480186462402,29.565916061401,797.39
104.480232238770,29.565835952759,795.19
104.480278015137,29.565755844116,792.99
104.480323791504,29.565673828125,790.79
104.480361938477,29.565593719482,788.52
104.480392456055,29.565542221069,787.10
104.480422973633,29.565517425537,786.32
104.480484008789,29.565450668335,784.27
104.480552673340,29.565382003784,782.22
104.480621337891,29.565315246582,780.17
104.480690002441,29.565248489380,778.12
104.480758666992,29.565181732178,776.32
104.480827331543,29.565113067627,775.03
104.480895996094,29.565046310425,773.74
104.480964660645,29.564979553223,772.45
104.481033325195,29.564910888672,771.16
104.481101989746,29.564844131470,770.84
104.481170654297,29.564777374268,770.82
104.481239318848,29.564710617065,770.07
104.481307983398,29.564641952515,768.67
104.481376647949,29.564575195312,767.27
104.481445312500,29.564508438110,765.87
104.481513977051,29.564439773560,764.47
104.481582641602,29.564373016357,763.07
104.481651306152,29.564306259155,761.67
104.481719970703,29.564237594604,760.27
104.481788635254,29.564170837402,759.47
104.481857299805,29.564104080200,759.15
104.481925964355,29.564037322998,759.64
104.481994628906,29.563968658447,761.29
104.482063293457,29.563901901245,762.95
104.482131958008,29.563835144043,764.60
104.482147216797,29.563817977905,765.01
104.482200622559,29.563774108887,765.95
104.482284545898,29.563714981079,767.20
104.482360839844,29.563655853271,768.46
104.482437133789,29.563594818115,769.71
104.482513427734,29.563535690308,770.96
104.482589721680,29.563476562500,771.55
104.482673645020,29.563417434692,771.94
104.482749938965,29.563358306885,771.88
104.482826232910,29.563299179077,770.57
104.482902526855,29.563240051270,769.27
104.482978820801,29.563180923462,767.96
104.483055114746,29.563121795654,767.18
104.483139038086,29.563062667847,767.47
104.483215332031,29.563003540039,767.75
104.483291625977,29.562944412231,768.04
104.483367919922,29.562885284424,768.33
104.483444213867,29.562826156616,768.26
104.483520507812,29.562767028809,767.15
104.483604431152,29.562707901001,766.04
104.483680725098,29.562648773193,764.92
104.483757019043,29.562589645386,763.81
104.483833312988,29.562530517578,763.41
104.483909606934,29.562469482422,764.68
104.483993530273,29.562410354614,765.96
104.484069824219,29.562351226807,767.24
104.484146118164,29.562292098999,767.27
104.484184265137,29.562265396118,766.87
104.484222412109,29.562232971191,766.68
104.484298706055,29.562173843384,766.81
104.484375000000,29.562114715576,765.74
104.484458923340,29.562055587769,763.80
104.484535217285,29.561996459961,761.85
104.484611511230,29.561937332153,760.64
104.484687805176,29.561878204346,761.49
104.484764099121,29.561819076538,762.34
104.484848022461,29.561759948730,761.76
104.484924316406,29.561700820923,760.68
104.485000610352,29.561641693115,760.15
104.485076904297,29.561582565308,761.27
104.485153198242,29.561523437500,762.38
104.485229492188,29.561464309692,763.50
104.485313415527,29.561405181885,762.26
104.485389709473,29.561346054077,760.96
104.485466003418,29.561286926270,759.66
104.485542297363,29.561227798462,758.87
104.485618591309,29.561168670654,758.14
104.485702514648,29.561107635498,757.41
104.485778808594,29.561048507690,756.67
104.485855102539,29.560989379883,755.94
104.485931396484,29.560930252075,755.21
104.486007690430,29.560871124268,754.48
104.486083984375,29.560811996460,753.74
104.486114501953,29.560792922974,753.50
104.486152648926,29.560745239258,753.45
104.486213684082,29.560672760010,753.34
104.486282348633,29.560602188110,753.12
104.486343383789,29.560529708862,752.90
104.486404418945,29.560457229614,752.68
104.486465454102,29.560386657715,752.54
104.486526489258,29.560314178467,753.68
104.486587524414,29.560243606567,754.82
104.486633300781,29.560192108154,755.64
104.486640930176,29.560167312622,756.16
104.486671447754,29.560081481934,757.75
104.486701965332,29.559993743896,757.08
104.486732482910,29.559907913208,756.40
104.486763000488,29.559822082520,756.19
104.486785888672,29.559736251831,756.26
104.486816406250,29.559650421143,756.32
104.486846923828,29.559564590454,756.38
104.486877441406,29.559476852417,756.25
104.486885070801,29.559452056885,756.21
104.486892700195,29.559389114380,756.21
104.486900329590,29.559299468994,756.21
104.486915588379,29.559209823608,756.21
104.486923217773,29.559122085571,756.20
104.486930847168,29.559032440186,756.20
104.486946105957,29.558942794800,756.20
104.486953735352,29.558853149414,756.20
104.486961364746,29.558763504028,756.45
104.486976623535,29.558685302734,756.56
104.486968994141,29.558673858643,756.53
104.486968994141,29.558584213257,756.32
104.486968994141,29.558494567871,756.11
104.486961364746,29.558404922485,755.90
104.486961364746,29.558315277100,755.69
104.486961364746,29.558225631714,755.48
104.486953735352,29.558135986328,755.27
104.486953735352,29.558046340942,755.06
104.486953735352,29.557956695557,754.85
104.486946105957,29.557865142822,754.64
104.486946105957,29.557775497437,754.43
104.486938476562,29.557685852051,754.22
104.486938476562,29.557596206665,754.01
104.486938476562,29.557506561279,753.80
104.486930847168,29.557416915894,753.59
104.486930847168,29.557327270508,753.38
104.486930847168,29.557237625122,753.17
104.486923217773,29.557147979736,752.96
104.486923217773,29.557058334351,752.76
104.486923217773,29.556968688965,752.55
104.486915588379,29.556879043579,752.34
104.486915588379,29.556787490845,751.90
104.486907958984,29.556697845459,751.43
104.486907958984,29.556608200073,751.16
104.486907958984,29.556518554688,751.78
104.486900329590,29.556428909302,752.39
104.486900329590,29.556339263916,753.01
104.486900329590,29.556249618530,753.63
104.486892700195,29.556159973145,754.25
104.486892700195,29.556070327759,754.87
104.486892700195,29.555980682373,755.48
104.486885070801,29.555891036987,756.10
104.486885070801,29.555801391602,756.72
104.486877441406,29.555709838867,757.34
104.486877441406,29.555620193481,757.95
104.486877441406,29.555608749390,758.04
104.486907958984,29.555534362793,758.00
104.486938476562,29.555448532104,757.95
104.486968994141,29.555364608765,757.90
104.486999511719,29.555278778076,757.85
104.487030029297,29.555192947388,757.80
104.487068176270,29.555107116699,757.76
104.487098693848,29.555021286011,757.71
104.487129211426,29.554937362671,757.66
104.487144470215,29.554887771606,757.62
104.487174987793,29.554861068726,757.14
104.487251281738,29.554796218872,756.00
104.487319946289,29.554733276367,754.86
104.487396240234,29.554670333862,753.72
104.487464904785,29.554605484009,752.58
104.487541198730,29.554542541504,751.44
104.487617492676,29.554477691650,750.30
104.487686157227,29.554414749146,749.16
104.487762451172,29.554349899292,748.02
104.487770080566,29.554340362549,747.84
104.487838745117,29.554296493530,746.62
104.487922668457,29.554243087769,745.11
104.488006591797,29.554189682007,743.61
104.488090515137,29.554136276245,742.10
104.488174438477,29.554082870483,740.59
104.488258361816,29.554029464722,739.09
104.488342285156,29.553977966309,737.58
104.488426208496,29.553924560547,736.08
104.488471984863,29.553892135620,735.17
104.488510131836,29.553876876831,734.46
104.488601684570,29.553836822510,732.70
104.488693237305,29.553796768188,730.96
104.488792419434,29.553756713867,729.55
104.488883972168,29.553718566895,728.14
104.488975524902,29.553678512573,726.83
104.489067077637,29.553638458252,725.64
104.489158630371,29.553600311279,724.45
104.489250183105,29.553560256958,723.33
104.489273071289,29.553550720215,723.28
104.489349365234,29.553525924683,722.97
104.489448547363,29.553493499756,722.58
104.489540100098,29.553461074829,722.19
104.489639282227,29.553428649902,721.80
104.489730834961,29.553396224976,721.33
104.489830017090,29.553363800049,721.76
104.489929199219,29.553331375122,722.01
104.490020751953,29.553298950195,722.06
104.490089416504,29.553276062012,722.10
104.490119934082,29.553270339966,722.04
104.490219116211,29.553249359131,721.85
104.490318298340,29.553228378296,721.71
104.490425109863,29.553207397461,721.70
104.490524291992,29.553186416626,721.68
104.490623474121,29.553165435791,721.66
104.490722656250,29.553144454956,721.65
104.490821838379,29.553123474121,721.63
104.490921020508,29.553102493286,721.62
104.491027832031,29.553083419800,721.02
104.491127014160,29.553062438965,719.98
104.491226196289,29.553041458130,718.94
104.491325378418,29.553020477295,717.90
104.491424560547,29.552999496460,716.86
104.491523742676,29.552978515625,716.50
104.491630554199,29.552957534790,716.17
104.491729736328,29.552936553955,715.84
104.491798400879,29.552923202515,714.99
104.491828918457,29.552917480469,714.46
104.491928100586,29.552904129028,712.61
104.492034912109,29.552890777588,710.80
104.492134094238,29.552877426147,709.17
104.492233276367,29.552864074707,707.54
104.492340087891,29.552850723267,705.91
104.492439270020,29.552837371826,704.28
104.492546081543,29.552824020386,702.65
104.492645263672,29.552810668945,701.02
104.492668151855,29.552806854248,700.67
104.492744445801,29.552804946899,699.31
104.492851257324,29.552804946899,697.56
104.492958068848,29.552803039551,695.82
104.493057250977,29.552801132202,694.08
104.493164062500,29.552799224854,692.33
104.493263244629,29.552799224854,690.77
104.493370056152,29.552797317505,689.28
104.493469238281,29.552795410156,687.83
104.493576049805,29.552793502808,686.62
104.493675231934,29.552791595459,685.42
104.493782043457,29.552791595459,684.31
104.493881225586,29.552789688110,683.26
104.493988037109,29.552787780762,682.11
104.494087219238,29.552785873413,680.60
104.494194030762,29.552785873413,679.09
104.494293212891,29.552783966064,678.26
104.494400024414,29.552782058716,677.56
104.494506835938,29.552780151367,676.86
104.494606018066,29.552778244019,676.17
104.494712829590,29.552778244019,675.47
104.494812011719,29.552776336670,674.50
104.494918823242,29.552774429321,672.62
104.495018005371,29.552772521973,670.75
104.495124816895,29.552770614624,669.09
104.495223999023,29.552770614624,667.84
104.495330810547,29.552768707275,666.60
104.495429992676,29.552766799927,665.35
104.495536804199,29.552764892578,664.10
104.495635986328,29.552764892578,661.12
104.495742797852,29.552762985229,657.99
104.495841979980,29.552761077881,653.50
104.495948791504,29.552759170532,648.42
104.496055603027,29.552757263184,644.33
104.496154785156,29.552757263184,641.08
104.496177673340,29.552757263184,640.49
104.496261596680,29.552761077881,637.62
104.496360778809,29.552766799927,634.11
104.496467590332,29.552770614624,630.50
104.496566772461,29.552776336670,624.89
104.496673583984,29.552782058716,619.28
104.496772766113,29.552787780762,614.49
104.496879577637,29.552791595459,610.17
104.496978759766,29.552797317505,605.84
104.497085571289,29.552803039551,600.13
104.497184753418,29.552808761597,594.39
104.497291564941,29.552812576294,588.64
104.497390747070,29.552818298340,582.90
104.497497558594,29.552824020386,577.15
104.497596740723,29.552829742432,571.41
104.497703552246,29.552833557129,565.67
104.497802734375,29.552839279175,559.92
104.497909545898,29.552845001221,556.84
104.497924804688,29.552845001221,556.45
104.497901916504,29.552776336670,558.42
104.497879028320,29.552688598633,560.84
104.497848510742,29.552602767944,563.27
104.497817993164,29.552516937256,566.81
104.497787475586,29.552431106567,573.30
104.497756958008,29.552345275879,579.79
104.497734069824,29.552257537842,586.28
104.497703552246,29.552171707153,592.77
104.497673034668,29.552085876465,598.72
104.497642517090,29.552000045776,603.82
104.497619628906,29.551912307739,608.91
104.497589111328,29.551826477051,614.01
104.497558593750,29.551740646362,619.10
104.497528076172,29.551654815674,624.20
104.497505187988,29.551567077637,629.29
104.497474670410,29.551481246948,633.51
104.497444152832,29.551395416260,636.15
104.497413635254,29.551309585571,638.79
104.497390747070,29.551221847534,641.42
104.497360229492,29.551136016846,643.99
104.497329711914,29.551050186157,646.37
104.497299194336,29.550964355469,647.88
104.497268676758,29.550878524780,648.01
104.497245788574,29.550790786743,648.13
104.497215270996,29.550704956055,648.26
104.497184753418,29.550619125366,648.38
104.497154235840,29.550533294678,648.51
104.497131347656,29.550445556641,648.31
104.497100830078,29.550359725952,647.49
104.497070312500,29.550273895264,646.67
104.497039794922,29.550188064575,645.86
104.497016906738,29.550100326538,645.04
104.496986389160,29.550014495850,644.28
104.496955871582,29.549928665161,643.57
104.496925354004,29.549842834473,642.85
104.496894836426,29.549755096436,641.99
104.496871948242,29.549669265747,640.91
104.496841430664,29.549583435059,639.82
104.496810913086,29.549497604370,638.73
104.496780395508,29.549409866333,637.64
104.496757507324,29.549324035645,636.55
104.496726989746,29.549238204956,635.46
104.496696472168,29.549152374268,634.01
104.496665954590,29.549066543579,633.26
104.496643066406,29.548978805542,634.17
104.496612548828,29.548892974854,635.08
104.496582031250,29.548807144165,635.99
104.496551513672,29.548721313477,636.90
104.496520996094,29.548633575439,637.81
104.496498107910,29.548547744751,638.72
104.496467590332,29.548461914062,639.63
104.496437072754,29.548376083374,641.70
104.496406555176,29.548288345337,645.21
104.496406555176,29.548271179199,645.92
104.496368408203,29.548208236694,648.58
104.496315002441,29.548130035400,651.90
104.496269226074,29.548049926758,655.22
104.496215820312,29.547971725464,658.55
104.496170043945,29.547891616821,661.87
104.496116638184,29.547813415527,665.19
104.496070861816,29.547733306885,668.51
104.496025085449,29.547655105591,672.60
104.495971679688,29.547576904297,676.72
104.495925903320,29.547496795654,681.33
104.495872497559,29.547418594360,686.21
104.495826721191,29.547338485718,691.08
104.495773315430,29.547260284424,695.96
104.495727539062,29.547180175781,700.83
104.495681762695,29.547101974487,705.71
104.495628356934,29.547021865845,710.38
104.495582580566,29.546943664551,714.45
104.495529174805,29.546865463257,718.52
104.495483398438,29.546785354614,722.59
104.495429992676,29.546707153320,726.66
104.495384216309,29.546627044678,730.72
104.495338439941,29.546548843384,734.79
104.495285034180,29.546468734741,738.86
104.495239257812,29.546390533447,742.63
104.495201110840,29.546327590942,744.72
104.495193481445,29.546310424805,744.99
104.495155334473,29.546226501465,745.61
104.495117187500,29.546142578125,745.60
104.495079040527,29.546058654785,745.46
104.495048522949,29.545972824097,744.49
104.495010375977,29.545888900757,743.52
104.494972229004,29.545804977417,742.55
104.494934082031,29.545721054077,741.58
104.494903564453,29.545637130737,738.87
104.494865417480,29.545553207397,733.46
104.494827270508,29.545469284058,729.01
104.494789123535,29.545385360718,724.57
104.494758605957,29.545301437378,720.13
104.494720458984,29.545217514038,715.68
104.494682312012,29.545133590698,711.24
104.494644165039,29.545047760010,706.80
104.494613647461,29.544963836670,702.35
104.494575500488,29.544879913330,697.91
104.494537353516,29.544795989990,693.47
104.494499206543,29.544712066650,689.02
104.494468688965,29.544628143311,684.58
104.494430541992,29.544544219971,681.11
104.494392395020,29.544460296631,677.88
104.494354248047,29.544376373291,674.66
104.494316101074,29.544292449951,671.44
104.494285583496,29.544208526611,668.22
104.494247436523,29.544122695923,664.99
104.494209289551,29.544038772583,661.77
104.494171142578,29.543954849243,658.55
104.494163513184,29.543935775757,657.80
104.494125366211,29.543876647949,655.16
104.494071960449,29.543798446655,652.09
104.494026184082,29.543720245361,649.48
104.493972778320,29.543642044067,646.88
104.493919372559,29.543563842773,644.28
104.493873596191,29.543485641479,641.68
104.493820190430,29.543407440186,639.08
104.493766784668,29.543329238892,636.48
104.493713378906,29.543252944946,633.87
104.493667602539,29.543174743652,631.20
104.493614196777,29.543096542358,629.02
104.493560791016,29.543018341064,627.27
104.493515014648,29.542940139771,625.65
104.493461608887,29.542861938477,624.06
104.493408203125,29.542783737183,622.48
104.493354797363,29.542705535889,620.97
104.493309020996,29.542629241943,619.50
104.493255615234,29.542551040649,618.03
104.493202209473,29.542472839355,616.56
104.493148803711,29.542394638062,615.08
104.493103027344,29.542316436768,613.61
104.493049621582,29.542238235474,612.20
104.492996215820,29.542160034180,610.80
104.492950439453,29.542081832886,609.41
104.492897033691,29.542003631592,608.05
104.492843627930,29.541927337646,606.69
104.492790222168,29.541849136353,605.33
104.492744445801,29.541770935059,603.97
104.492691040039,29.541692733765,602.62
104.492637634277,29.541614532471,601.26
104.492591857910,29.541536331177,599.90
104.492538452148,29.541458129883,598.54
104.492485046387,29.541379928589,597.18
104.492431640625,29.541303634644,595.82
104.492385864258,29.541225433350,594.46
104.492332458496,29.541147232056,592.95
104.492279052734,29.541069030762,590.62
104.492233276367,29.540990829468,588.29
104.492179870605,29.540912628174,585.96
104.492126464844,29.540834426880,584.16
104.492103576660,29.540794372559,583.72
104.492057800293,29.540771484375,582.84
104.491973876953,29.540723800659,581.02
104.491882324219,29.540674209595,579.20
104.491798400879,29.540626525879,577.38
104.491706848145,29.540578842163,575.56
104.491622924805,29.540529251099,575.03
104.491539001465,29.540481567383,576.89
104.491447448730,29.540433883667,578.75
104.491363525391,29.540384292603,580.61
104.491271972656,29.540336608887,582.47
104.491188049316,29.540288925171,584.33
104.491104125977,29.540241241455,586.19
104.491012573242,29.540191650391,588.05
104.490928649902,29.540143966675,589.62
104.490837097168,29.540096282959,590.96
104.490753173828,29.540046691895,592.29
104.490661621094,29.539999008179,593.63
104.490577697754,29.539951324463,594.96
104.490493774414,29.539901733398,596.29
104.490402221680,29.539854049683,597.63
104.490318298340,29.539806365967,598.96
104.490226745605,29.539756774902,600.55
104.490142822266,29.539709091187,602.33
104.490058898926,29.539661407471,604.11
104.489967346191,29.539611816406,605.88
104.489883422852,29.539564132690,607.66
104.489791870117,29.539516448975,609.44
104.489707946777,29.539468765259,611.22
104.489624023438,29.539419174194,613.64
104.489532470703,29.539371490479,617.42
104.489448547363,29.539323806763,621.20
104.489356994629,29.539274215698,624.98
104.489273071289,29.539226531982,628.76
104.489181518555,29.539178848267,632.55
104.489097595215,29.539129257202,636.33
104.489013671875,29.539081573486,640.11
104.488922119141,29.539033889771,643.89
104.488838195801,29.538984298706,648.24
104.488746643066,29.538936614990,652.66
104.488662719727,29.538888931274,656.85
104.488578796387,29.538841247559,661.03
104.488487243652,29.538791656494,665.02
104.488403320312,29.538743972778,668.36
104.488311767578,29.538696289062,671.70
104.488227844238,29.538646697998,675.04
104.488136291504,29.538599014282,675.34
104.488052368164,29.538551330566,675.38
104.487968444824,29.538501739502,675.43
104.487876892090,29.538454055786,675.47
104.487792968750,29.538406372070,675.97
104.487701416016,29.538356781006,676.58
104.487617492676,29.538309097290,677.18
104.487533569336,29.538261413574,677.79
104.487442016602,29.538213729858,678.40
104.487358093262,29.538164138794,679.01
104.487266540527,29.538116455078,679.62
104.487182617188,29.538068771362,680.22
104.487098693848,29.538019180298,680.38
104.487007141113,29.537971496582,680.37
104.486923217773,29.537923812866,680.37
104.486831665039,29.537874221802,680.23
104.486747741699,29.537826538086,679.29
104.486656188965,29.537778854370,678.36
104.486640930176,29.537769317627,678.19
104.486618041992,29.537698745728,677.13
104.486595153809,29.537612915039,675.83
104.486564636230,29.537525177002,674.53
104.486534118652,29.537439346313,673.23
104.486503601074,29.537353515625,671.23
104.486480712891,29.537267684937,669.13
104.486450195312,29.537179946899,667.04
104.486419677734,29.537094116211,664.94
104.486396789551,29.537008285522,662.85
104.486366271973,29.536922454834,661.02
104.486335754395,29.536834716797,659.52
104.486305236816,29.536748886108,658.01
104.486282348633,29.536663055420,656.86
104.486251831055,29.536575317383,655.73
104.486221313477,29.536489486694,653.55
104.486190795898,29.536403656006,651.24
104.486167907715,29.536317825317,648.93
104.486137390137,29.536230087280,646.62
104.486106872559,29.536144256592,644.32
104.486083984375,29.536058425903,642.01
104.486053466797,29.535970687866,639.70
104.486022949219,29.535884857178,637.39
104.485992431641,29.535799026489,635.08
104.485969543457,29.535713195801,632.58
104.485939025879,29.535625457764,630.08
104.485908508301,29.535539627075,627.57
104.485885620117,29.535453796387,625.07
104.485855102539,29.535367965698,622.58
104.485824584961,29.535280227661,620.58
104.485794067383,29.535194396973,618.58
104.485771179199,29.535108566284,616.58
104.485740661621,29.535020828247,614.58
104.485710144043,29.534934997559,612.58
104.485679626465,29.534849166870,610.58
104.485656738281,29.534763336182,608.58
104.485626220703,29.534675598145,606.58
104.485595703125,29.534589767456,604.58
104.485572814941,29.534503936768,602.57
104.485542297363,29.534416198730,600.57
104.485511779785,29.534330368042,598.57
104.485481262207,29.534244537354,596.57
104.485458374023,29.534158706665,594.39
104.485427856445,29.534070968628,592.10
104.485397338867,29.533985137939,589.31
104.485374450684,29.533899307251,586.35
104.485343933105,29.533811569214,583.39
104.485313415527,29.533725738525,580.43
104.485282897949,29.533639907837,577.20
104.485267639160,29.533584594727,574.80
104.485229492188,29.533576965332,572.46
104.485130310059,29.533555984497,567.11
104.485031127930,29.533533096313,564.15
104.484931945801,29.533510208130,561.19
104.484832763672,29.533489227295,558.23
104.484733581543,29.533466339111,555.26
104.484626770020,29.533445358276,552.30
104.484527587891,29.533422470093,549.34
104.484428405762,29.533401489258,546.38
104.484329223633,29.533378601074,543.42
104.484230041504,29.533357620239,540.80
104.484130859375,29.533334732056,539.00
104.484031677246,29.533313751221,537.20
104.483932495117,29.533290863037,535.40
104.483825683594,29.533269882202,533.59
104.483726501465,29.533246994019,531.79
104.483627319336,29.533226013184,530.09
104.483528137207,29.533203125000,528.43
104.483428955078,29.533180236816,526.77
104.483329772949,29.533159255981,525.11
104.483230590820,29.533136367798,523.45
104.483131408691,29.533115386963,521.79
104.483024597168,29.533092498779,520.13
104.482925415039,29.533071517944,518.62
104.482826232910,29.533048629761,517.49
104.482727050781,29.533027648926,516.36
104.482627868652,29.533004760742,515.45
104.482528686523,29.532983779907,514.54
104.482429504395,29.532960891724,513.62
104.482330322266,29.532939910889,512.04
104.482231140137,29.532917022705,509.79
104.482124328613,29.532896041870,507.54
104.482025146484,29.532873153687,505.29
104.481925964355,29.532850265503,503.04
104.481826782227,29.532829284668,500.80
104.481727600098,29.532806396484,498.55
104.481628417969,29.532785415649,496.30
104.481529235840,29.532762527466,495.57
104.481430053711,29.532741546631,495.01
104.481323242188,29.532718658447,494.64
104.481224060059,29.532697677612,495.94
104.481140136719,29.532676696777,498.43
104.481140136719,29.532669067383,498.48
104.481170654297,29.532583236694,499.01
104.481208801270,29.532499313354,498.97
104.481239318848,29.532413482666,499.12
104.481269836426,29.532327651978,498.99
104.481300354004,29.532243728638,498.78
104.481338500977,29.532157897949,498.57
104.481369018555,29.532072067261,498.65
104.481399536133,29.531988143921,499.06
104.481437683105,29.531902313232,499.47
104.481468200684,29.531816482544,499.88
104.481498718262,29.531732559204,500.29
104.481536865234,29.531646728516,500.70
104.481567382812,29.531560897827,501.11
104.481597900391,29.531476974487,501.28
104.481628417969,29.531391143799,500.14
104.481666564941,29.531305313110,499.00
104.481697082520,29.531221389771,498.25
104.481727600098,29.531135559082,498.23
104.481765747070,29.531049728394,498.21
104.481796264648,29.530965805054,498.19
104.481826782227,29.530879974365,498.18
104.481864929199,29.530794143677,498.16
104.481895446777,29.530710220337,498.14
104.481925964355,29.530624389648,498.12
104.481956481934,29.530538558960,498.10
104.481994628906,29.530454635620,498.08
104.482025146484,29.530368804932,498.06
104.482055664062,29.530282974243,498.04
104.482093811035,29.530199050903,498.02
104.482124328613,29.530113220215,498.00
104.482154846191,29.530027389526,497.17
104.482170104980,29.529993057251,496.54
104.482170104980,29.529939651489,495.90
104.482170104980,29.529850006104,494.82
104.482170104980,29.529760360718,493.74
104.482170104980,29.529670715332,492.66
104.482170104980,29.529581069946,491.58
104.482170104980,29.529491424561,490.50
104.482170104980,29.529401779175,489.42
104.482170104980,29.529312133789,488.45
104.482170104980,29.529220581055,488.58
104.482170104980,29.529130935669,488.71
104.482170104980,29.529041290283,488.87
104.482170104980,29.528951644897,489.13
104.482170104980,29.528861999512,489.39
104.482170104980,29.528772354126,489.65
104.482170104980,29.528682708740,489.91
104.482170104980,29.528593063354,490.18
104.482170104980,29.528503417969,490.44
104.482170104980,29.528413772583,490.70
104.482170104980,29.528322219849,490.96
104.482170104980,29.528232574463,491.22
104.482170104980,29.528142929077,491.48
104.482170104980,29.528053283691,491.75
104.482170104980,29.527963638306,492.01
104.482170104980,29.527873992920,492.22
104.482170104980,29.527784347534,492.41
104.482170104980,29.527694702148,492.61
104.482170104980,29.527605056763,492.26
104.482170104980,29.527515411377,491.87
104.482170104980,29.527425765991,491.48
104.482170104980,29.527334213257,491.08
104.482170104980,29.527244567871,490.69
104.482170104980,29.527154922485,490.30
104.482170104980,29.527065277100,489.91
104.482170104980,29.526975631714,489.51
104.482170104980,29.526885986328,489.12
104.482170104980,29.526796340942,488.73
104.482170104980,29.526706695557,488.34
104.482170104980,29.526617050171,487.94
104.482170104980,29.526527404785,487.48
104.482170104980,29.526435852051,486.96
104.482170104980,29.526346206665,486.44
104.482170104980,29.526256561279,486.33
104.482170104980,29.526166915894,486.46
104.482170104980,29.526077270508,486.59
104.482170104980,29.525987625122,486.72
104.482170104980,29.525897979736,486.85
104.482170104980,29.525812149048,486.98
104.482170104980,29.525808334351,486.99
104.482139587402,29.525722503662,487.63
104.482109069824,29.525634765625,489.51
104.482086181641,29.525548934937,492.40
104.482055664062,29.525463104248,495.28
104.482025146484,29.525375366211,498.16
104.481994628906,29.525289535522,501.05
104.481971740723,29.525203704834,503.93
104.481941223145,29.525117874146,506.81
104.481910705566,29.525030136108,509.70
104.481887817383,29.524944305420,512.58
104.481857299805,29.524858474731,
104.481826782227,29.524770736694,
104.481796264648,29.524684906006,
104.481773376465,29.524599075317,
104.481742858887,29.524513244629,
104.481712341309,29.524425506592,
104.481681823730,29.524339675903,
104.481658935547,29.524253845215,
104.481628417969,29.524166107178,
104.481597900391,29.524080276489,
104.481575012207,29.523994445801,
104.481544494629,29.523908615112,
104.481513977051,29.523820877075,
104.481483459473,29.523735046387,
104.481483459473,29.523719787598,
104.481452941895,29.523651123047,
104.481414794922,29.523567199707,
104.481376647949,29.523485183716,
104.481338500977,29.523401260376,
104.481300354004,29.523317337036,
104.481254577637,29.523233413696,
104.481216430664,29.523151397705,
104.481178283691,29.523067474365,
104.481140136719,29.522983551025,
104.481101989746,29.522901535034,
104.481063842773,29.522817611694,
104.481025695801,29.522733688354,
104.480987548828,29.522649765015,
104.480949401855,29.522567749023,
104.480911254883,29.522483825684,
104.480873107910,29.522399902344,
104.480834960938,29.522317886353,
104.480796813965,29.522233963013,
104.480796813965,29.522224426270,
104.480743408203,29.522157669067,
104.480682373047,29.522083282471,
104.480628967285,29.522008895874,
104.480567932129,29.521934509277,
104.480514526367,29.521860122681,
104.480453491211,29.521783828735,
104.480400085449,29.521709442139,
104.480339050293,29.521635055542,
104.480285644531,29.521560668945,
104.480224609375,29.521486282349,
104.480171203613,29.521411895752,
104.480110168457,29.521335601807,
104.480102539062,29.521326065063,
104.480064392090,29.521257400513,
104.480018615723,29.521175384521,
104.479972839355,29.521095275879,
104.479927062988,29.521015167236,
104.479881286621,29.520935058594,
104.479835510254,29.520854949951,
104.479789733887,29.520774841309,
104.479759216309,29.520729064941,
104.479721069336,29.520738601685,
104.479621887207,29.520763397217,
104.479522705078,29.520788192749,
104.479423522949,29.520811080933,
104.479324340820,29.520835876465,
104.479225158691,29.520860671997,
104.479125976562,29.520885467529,
104.479019165039,29.520908355713,
104.478919982910,29.520933151245,
104.478820800781,29.520957946777,
104.478721618652,29.520982742310,
104.478622436523,29.521007537842,
104.478523254395,29.521030426025,
104.478424072266,29.521055221558,
104.478324890137,29.521080017090,
104.478225708008,29.521104812622,
104.478126525879,29.521127700806,
104.478027343750,29.521152496338,
104.477928161621,29.521177291870,
104.477828979492,29.521202087402,
104.477729797363,29.521226882935,
104.477630615234,29.521249771118,
104.477531433105,29.521274566650,
104.477432250977,29.521299362183,
104.477348327637,29.521318435669,
104.477348327637,29.521303176880,
104.477317810059,29.521217346191,
104.477287292480,29.521131515503,
104.477264404297,29.521043777466,
104.477233886719,29.520957946777,
104.477210998535,29.520870208740,
104.477180480957,29.520784378052,
104.477149963379,29.520698547363,
104.477127075195,29.520610809326,
104.477096557617,29.520524978638,
104.477066040039,29.520439147949,
104.477043151855,29.520351409912,
104.477012634277,29.520265579224,
104.476982116699,29.520179748535,
104.476959228516,29.520092010498,
104.476928710938,29.520006179810,
104.476905822754,29.519920349121,
104.476875305176,29.519832611084,
104.476844787598,29.519746780396,
104.476821899414,29.519659042358,
104.476791381836,29.519573211670,
104.476783752441,29.519548416138,
104.476722717285,29.519586563110,
104.476646423340,29.519641876221,
104.476562500000,29.519697189331,
104.476478576660,29.519752502441,
104.476394653320,29.519807815552,
104.476318359375,29.519861221313,
104.476234436035,29.519916534424,
104.476150512695,29.519971847534,
104.476074218750,29.520027160645,
104.475990295410,29.520080566406,
104.475906372070,29.520135879517,
104.475830078125,29.520191192627,
104.475746154785,29.520246505737,
104.475662231445,29.520301818848,
104.475578308105,29.520355224609,
104.475502014160,29.520410537720,
104.475418090820,29.520465850830,
104.475334167480,29.520521163940,
104.475257873535,29.520576477051,
104.475234985352,29.520589828491,
104.475173950195,29.520627975464,
104.475090026855,29.520681381226,
104.475006103516,29.520734786987,
104.474922180176,29.520786285400,
104.474838256836,29.520839691162,
104.474754333496,29.520891189575,
104.474670410156,29.520944595337,
104.474586486816,29.520996093750,
104.474502563477,29.521049499512,
104.474418640137,29.521102905273,
104.474334716797,29.521154403687,
104.474250793457,29.521207809448,
104.474166870117,29.521259307861,
104.474082946777,29.521312713623,
104.473999023438,29.521364212036,
104.473915100098,29.521417617798,
104.473831176758,29.521471023560,
104.473747253418,29.521522521973,
104.473663330078,29.521575927734,
104.473579406738,29.521627426147,
104.473495483398,29.521680831909,
104.473411560059,29.521732330322,
104.473342895508,29.521778106689,
104.473335266113,29.521789550781,
104.473281860352,29.521865844727,
104.473228454590,29.521944046021,
104.473175048828,29.522022247314,
104.473121643066,29.522098541260,
104.473075866699,29.522176742554,
104.473022460938,29.522254943848,
104.472969055176,29.522331237793,
104.472915649414,29.522409439087,
104.472862243652,29.522485733032,
104.472808837891,29.522563934326,
104.472763061523,29.522642135620,
104.472709655762,29.522718429565,
104.472656250000,29.522796630859,
104.472602844238,29.522874832153,
104.472549438477,29.522951126099,
104.472496032715,29.523029327393,
104.472442626953,29.523105621338,
104.472396850586,29.523183822632,
104.472343444824,29.523262023926,
104.472290039062,29.523338317871,
104.472236633301,29.523416519165,
104.472183227539,29.523494720459,
104.472137451172,29.523567199707,
104.472129821777,29.523569107056,
104.472045898438,29.523624420166,
104.471969604492,29.523679733276,
104.471885681152,29.523733139038,
104.471801757812,29.523788452148,
104.471717834473,29.523841857910,
104.471641540527,29.523897171021,
104.471557617188,29.523952484131,
104.471473693848,29.524005889893,
104.471389770508,29.524061203003,
104.471313476562,29.524114608765,
104.471229553223,29.524169921875,
104.471145629883,29.524225234985,
104.471061706543,29.524278640747,
104.470985412598,29.524333953857,
104.470901489258,29.524387359619,
104.470817565918,29.524442672729,
104.470733642578,29.524497985840,
104.470657348633,29.524551391602,
104.470573425293,29.524606704712,
104.470489501953,29.524660110474,
104.470405578613,29.524715423584,
104.470329284668,29.524770736694,
104.470245361328,29.524824142456,
104.470161437988,29.524879455566,
104.470077514648,29.524932861328,543.65
104.470001220703,29.524988174438,544.89
104.469917297363,29.525043487549,546.12
104.469902038574,29.525054931641,546.37
104.469978332520,29.525074005127,545.18
104.470077514648,29.525098800659,543.66
104.470176696777,29.525123596191,542.15
104.470275878906,29.525148391724,540.63
104.470375061035,29.525171279907,539.11
104.470474243164,29.525196075439,537.59
104.470573425293,29.525220870972,536.07
104.470672607422,29.525245666504,534.56
104.470771789551,29.525270462036,532.75
104.470870971680,29.525295257568,531.18
104.470970153809,29.525320053101,530.21
104.471069335938,29.525344848633,529.45
104.471168518066,29.525369644165,529.77
104.471267700195,29.525394439697,530.10
104.471366882324,29.525419235229,530.42
104.471466064453,29.525442123413,530.58
104.471565246582,29.525466918945,530.61
104.471664428711,29.525491714478,530.64
104.471763610840,29.525516510010,530.72
104.471862792969,29.525541305542,530.98
104.471961975098,29.525566101074,531.24
104.472061157227,29.525590896606,531.50
104.472160339355,29.525615692139,532.40
104.472259521484,29.525640487671,533.34
104.472358703613,29.525665283203,534.27
104.472457885742,29.525690078735,535.21
104.472557067871,29.525714874268,536.02
104.472656250000,29.525737762451,536.77
104.472755432129,29.525762557983,537.55
104.472854614258,29.525787353516,538.36
104.472953796387,29.525812149048,539.18
104.473052978516,29.525836944580,540.00
104.473152160645,29.525861740112,540.95
104.473251342773,29.525886535645,542.17
104.473350524902,29.525911331177,543.72
104.473449707031,29.525936126709,545.27
104.473556518555,29.525960922241,546.73
104.473655700684,29.525985717773,548.14
104.473754882812,29.526008605957,549.55
104.473854064941,29.526033401489,550.95
104.473953247070,29.526058197021,552.36
104.474052429199,29.526082992554,553.77
104.474151611328,29.526107788086,555.17
104.474250793457,29.526132583618,556.79
104.474349975586,29.526157379150,558.41
104.474449157715,29.526182174683,560.03
104.474548339844,29.526206970215,561.15
104.474647521973,29.526231765747,561.91
104.474746704102,29.526256561279,562.69
104.474845886230,29.526281356812,563.83
104.474945068359,29.526304244995,564.97
104.475044250488,29.526329040527,566.10
104.475143432617,29.526353836060,567.24
104.475242614746,29.526378631592,567.70
104.475288391113,29.526390075684,567.76
104.475303649902,29.526437759399,568.25
104.475326538086,29.526523590088,569.15
104.475357055664,29.526609420776,570.05
104.475387573242,29.526697158813,570.95
104.475418090820,29.526782989502,571.36
104.475440979004,29.526868820190,571.75
104.475471496582,29.526954650879,572.13
104.475502014160,29.527042388916,572.51
104.475524902344,29.527128219604,572.89
104.475555419922,29.527214050293,572.78
104.475585937500,29.527301788330,572.66
104.475616455078,29.527387619019,572.53
104.475639343262,29.527473449707,572.41
104.475669860840,29.527559280396,572.29
104.475700378418,29.527647018433,572.17
104.475730895996,29.527732849121,571.25
104.475753784180,29.527818679810,571.02
104.475784301758,29.527906417847,568.68
104.475814819336,29.527992248535,565.31
104.475837707520,29.528078079224,561.95
104.475868225098,29.528163909912,558.58
104.475898742676,29.528251647949,555.22
104.475929260254,29.528337478638,551.86
104.475952148438,29.528423309326,548.49
104.475975036621,29.528482437134,546.21
104.475944519043,29.528495788574,546.07
104.475852966309,29.528535842896,545.65
104.475761413574,29.528573989868,545.22
104.475669860840,29.528614044189,544.80
104.475570678711,29.528654098511,544.37
104.475479125977,29.528694152832,543.97
104.475387573242,29.528734207153,543.58
104.475296020508,29.528774261475,543.20
104.475204467773,29.528814315796,542.82
104.475112915039,29.528854370117,542.85
104.475021362305,29.528894424438,543.07
104.474929809570,29.528934478760,543.29
104.474830627441,29.528972625732,545.50
104.474739074707,29.529012680054,547.84
104.474647521973,29.529052734375,550.19
104.474555969238,29.529092788696,552.53
104.474464416504,29.529132843018,554.81
104.474372863770,29.529172897339,556.88
104.474281311035,29.529212951660,558.79
104.474189758301,29.529253005981,560.58
104.474090576172,29.529293060303,562.36
104.473999023438,29.529333114624,564.15
104.473907470703,29.529371261597,565.68
104.473907470703,29.529373168945,565.68
104.473808288574,29.529363632202,568.74
104.473701477051,29.529354095459,571.80
104.473602294922,29.529344558716,574.87
104.473495483398,29.529335021973,577.93
104.473396301270,29.529325485229,581.00
104.473289489746,29.529317855835,584.06
104.473190307617,29.529308319092,587.13
104.473083496094,29.529298782349,590.19
104.472984313965,29.529289245605,593.25
104.472885131836,29.529279708862,596.32
104.472778320312,29.529270172119,599.38
104.472679138184,29.529262542725,602.45
104.472572326660,29.529253005981,605.51
104.472473144531,29.529243469238,608.58
104.472366333008,29.529233932495,611.64
104.472267150879,29.529224395752,614.70
104.472160339355,29.529216766357,617.77
104.472061157227,29.529207229614,620.83
104.471954345703,29.529197692871,623.90
104.471855163574,29.529188156128,626.88
104.471748352051,29.529178619385,629.41
104.471649169922,29.529169082642,628.43
104.471549987793,29.529161453247,627.19
104.471443176270,29.529151916504,625.94
104.471343994141,29.529142379761,624.70
104.471237182617,29.529132843018,623.45
104.471138000488,29.529123306274,622.20
104.471031188965,29.529113769531,620.47
104.470932006836,29.529106140137,617.88
104.470825195312,29.529096603394,614.22
104.470726013184,29.529087066650,610.57
104.470619201660,29.529077529907,606.91
104.470520019531,29.529067993164,603.26
104.470466613770,29.529064178467,601.39
104.470413208008,29.529064178467,599.70
104.470314025879,29.529064178467,596.23
104.470207214355,29.529064178467,592.77
104.470108032227,29.529062271118,589.30
104.470001220703,29.529062271118,586.11
104.469902038574,29.529062271118,582.94
104.469795227051,29.529062271118,579.78
104.469696044922,29.529062271118,576.62
104.469589233398,29.529062271118,574.68
104.469490051270,29.529060363770,572.92
104.469383239746,29.529060363770,571.16
104.469284057617,29.529060363770,569.40
104.469177246094,29.529060363770,567.73
104.469078063965,29.529060363770,566.07
104.468971252441,29.529060363770,564.88
104.468864440918,29.529060363770,565.32
104.468765258789,29.529058456421,565.62
104.468750000000,29.529058456421,565.67
104.468658447266,29.529064178467,566.02
104.468559265137,29.529069900513,566.45
104.468452453613,29.529073715210,566.87
104.468353271484,29.529079437256,567.30
104.468246459961,29.529085159302,568.49
104.468147277832,29.529090881348,568.83
104.468040466309,29.529096603394,568.07
104.467941284180,29.529100418091,567.32
104.467834472656,29.529106140137,566.57
104.467735290527,29.529111862183,565.82
104.467628479004,29.529117584229,565.07
104.467529296875,29.529121398926,565.81
104.467422485352,29.529127120972,566.71
104.467323303223,29.529132843018,567.61
104.467216491699,29.529138565063,568.51
104.467117309570,29.529144287109,569.42
104.467010498047,29.529148101807,570.32
104.466911315918,29.529153823853,572.14
104.466804504395,29.529159545898,575.03
104.466705322266,29.529165267944,577.98
104.466598510742,29.529170989990,580.93
104.466499328613,29.529174804688,583.88
104.466392517090,29.529180526733,586.82
104.466293334961,29.529186248779,589.77
104.466186523438,29.529191970825,593.11
104.466087341309,29.529197692871,596.73
104.465980529785,29.529201507568,600.36
104.465881347656,29.529207229614,603.98
104.465774536133,29.529212951660,607.60
104.465675354004,29.529218673706,611.23
104.465568542480,29.529224395752,614.85
104.465469360352,29.529228210449,618.47
104.465362548828,29.529233932495,622.09
104.465263366699,29.529239654541,625.72
104.465156555176,29.529245376587,629.34
104.465057373047,29.529249191284,632.96
104.464950561523,29.529254913330,636.39
104.464851379395,29.529260635376,639.73
104.464744567871,29.529266357422,641.84
104.464645385742,29.529272079468,643.96
104.464538574219,29.529275894165,646.07
104.464439392090,29.529281616211,648.18
104.464332580566,29.529287338257,650.30
104.464233398438,29.529293060303,652.41
104.464126586914,29.529298782349,654.53
104.464027404785,29.529302597046,656.64
104.463920593262,29.529308319092,658.76
104.463821411133,29.529314041138,660.87
104.463714599609,29.529319763184,663.25
104.463607788086,29.529325485229,666.02
104.463508605957,29.529329299927,668.80
104.463401794434,29.529335021973,670.39
104.463302612305,29.529340744019,671.89
104.463241577148,29.529344558716,672.80
104.463203430176,29.529361724854,673.31
104.463119506836,29.529407501221,674.60
104.463027954102,29.529453277588,675.38
104.462936401367,29.529499053955,675.03
104.462852478027,29.529546737671,676.51
104.462760925293,29.529592514038,677.94
104.462669372559,29.529638290405,678.90
104.462585449219,29.529684066772,678.42
104.462493896484,29.529729843140,677.78
104.462409973145,29.529775619507,677.14
104.462318420410,29.529821395874,676.50
104.462226867676,29.529867172241,675.86
104.462142944336,29.529912948608,675.22
104.462051391602,29.529958724976,673.25
104.461959838867,29.530004501343,671.06
104.461875915527,29.530052185059,668.86
104.461784362793,29.530097961426,666.67
104.461700439453,29.530143737793,664.48
104.461608886719,29.530189514160,662.29
104.461517333984,29.530235290527,660.10
104.461433410645,29.530281066895,657.91
104.461341857910,29.530326843262,655.71
104.461250305176,29.530372619629,653.52
104.461196899414,29.530401229858,654.28
